Round,Pick,Draft_Team_Abr,NFL_Draft_Team,Player_Name,First_Name,Last_Name,Height,Player_Birth_State_Abr,Player_Birth_State,Player_State_Lat,Player_State_Lon,Player_Birth_Country,NFL_Position,Age_Drafted,Played_Until,NFL_YearAs_A_Starter,NFL_Games_Played,NFL_Passing_Comp,NFL_Passing_Att,NFL_Passing_Yards,NFL_Passing_TDs,NFL_Passing_Int,NFL_Rushing_Att,NFL_Rushing_Yards,NFL_Rushing_TDs,NFL_Receptions,NFL_Receiving_Yards,NFL_Receiving_TDs,NFL_Tackles_Solo,NFL_Defensive_Ints,NFL_Sacks,College,College_Passing_Comp,College_Passing_Att,College_Passing_Pct,College_Passing_Yards,College_Passing_Y/A,College_Passing_AY/A,College_Passing_TDs,College_Passing_Int,College_Passer_Rating,College_Rushing_Att,College_Rushing_Yards,College_Rushing_Avg,College_Rushing_TDs,College_Receptions,College_Receiving_Yards,College_Receiving_Avg,College_Receiving_TDs,College_Scrimmage_Plays,College_Scrimmage_Yards,College_Scrimmage_Avg,College_Scrimmage_TDs,College_Punts,College_Punting_Yards,College_Punting_Avg,College_XPM,College_XPA,College_XP%,College_FGM,College_FGA,College_FG%,College_Kicking_Points,College_Tackles_Solo,College_Tackles_Ast,College_Tackles_Total,College_Tackles_For_A_Loss,College_Sacks,College_Defensive_Int,College_Defensive_Int_Yards,College_Defensive_Avg,College Defensive_Int_TDs,College_Defensive_Int_PD,College_Defensive_Fumbles_Recovered,College_Defensive_Fumble_Yards,College_Defensive_Fumble_TDs,College_Defensive_Forced_Fumbles
1,1,HOU,Houston Texans,Mario Williams,Mario,Williams,6-6,NC,North Carolina,35.782169,-80.793457,USA,DE,21,2016,9,158,0,0,0,0,0,0,0,0,0,0,0,317,0,97.5,North Carolina St.,0,0,0,0,0,0,0,0,0,0,0,0,0,0,0,0,0,0,0,0,0,0,0,0,0,0,0,0,0,0,0,32,30,62,24,14.5,0,0,0,0,0,0,0,0,0
1,2,NOR,New Orleans Saints,Reggie Bush,Reggie,Bush,6-0,CA,California,36.778259,-119.417931,USA,RB,21,2016,6,134,0,1,0,0,1,1286,5490,36,477,3598,18,0,0,0,USC,0,0,0,0,0,0,0,0,0,433,3169,7.3,25,95,1301,13.7,13,528,4470,8.5,38,0,0,0,0,0,0,0,0,0,0,0,0,0,0,0,0,0,0,0,0,0,0,0,0
1,3,TEN,Tennessee Titans,Vince Young,Vince,Young,6-5,TX,Texas,31,-100,USA,QB,23,2011,4,60,755,1304,8964,46,51,282,1459,12,0,0,0,0,0,0,Texas,444,718,61.8,6040,8.4,7.9,44,28,144.9,0,0,0,0,0,0,0,0,0,0,0,0,0,0,0,0,0,0,0,0,0,0,0,0,0,0,0,0,0,0,0,0,0,0,0,0
1,4,NYJ,New York Jets,DBrickashaw Ferguson,DBrickashaw,Ferguson,6-5,NY,New York,43,-75,USA,T,22,2015,10,160,0,0,0,0,0,0,0,0,0,0,0,0,0,0,Virginia,0,0,0,0,0,0,0,0,0,0,0,0,0,0,0,0,0,0,0,0,0,0,0,0,0,0,0,0,0,0,0,0,0,0,0,0,0,0,0,0,0,0,0,0,0
1,5,GNB,Green Bay Packers,AJ Hawk,AJ,Hawk,6-1,OH,Ohio,40.367474,-82.996216,USA,LB,22,2016,10,159,0,0,0,0,0,0,0,0,0,0,0,645,9,20,Ohio St.,0,0,0,0,0,0,0,0,0,0,0,0,0,0,0,0,0,0,0,0,0,0,0,0,0,0,0,0,0,0,0,69,52,121,16.5,9.5,7,123,17.6,1,0,0,0,0,0
1,6,SFO,San Francisco 49ers,Vernon Davis,Vernon,Davis,6-3,DC,Disctrict of Columbia,38.9072,-77.0369,USA,TE,22,2019,11,198,0,0,0,0,0,6,15,0,583,7562,63,0,0,0,Maryland,0,0,0,0,0,0,0,0,0,2,5,2.5,0,83,1371,16.5,9,85,1376,16.2,9,0,0,0,0,0,0,0,0,0,0,0,0,0,0,0,0,0,0,0,0,0,0,0,0
1,7,OAK,Oakland Raiders,Michael Huff,Michael,Huff,6-0,TX,Texas,31,-100,USA,DB,23,2013,6,118,0,0,0,0,0,0,0,0,0,0,0,371,11,5.5,Texas,0,0,0,0,0,0,0,0,0,0,0,0,0,0,0,0,0,0,0,0,0,0,0,0,0,0,0,0,0,0,0,44,43,87,9,2,7,162,23.1,4,0,0,21,1,0
1,8,BUF,Buffalo Bills,Donte Whitner,Donte,Whitner,5-11,OH,Ohio,40.367474,-82.996216,USA,DB,21,2016,9,157,0,0,0,0,0,0,0,0,0,0,0,668,11,3,Ohio St.,0,0,0,0,0,0,0,0,0,0,0,0,0,0,0,0,0,0,0,0,0,0,0,0,0,0,0,0,0,0,0,56,17,73,9,4,5,62,12.4,1,0,0,0,0,0
1,9,DET,Detroit Lions,Ernie Sims,Ernie,Sims,6-0,FL,Florida,27.994402,-81.760254,USA,LB,21,2013,5,109,0,0,0,0,0,0,0,0,0,0,0,420,1,5.5,Florida St.,0,0,0,0,0,0,0,0,0,0,0,0,0,0,0,0,0,0,0,0,0,0,0,0,0,0,0,0,0,0,0,22,50,72,10,2.5,2,3,1.5,0,0,0,0,0,0
1,10,ARI,Arizona Cardinals,Matt Leinart,Matt,Leinart,6-5,CA,California,36.778259,-119.417931,USA,QB,23,2012,1,33,366,641,4065,15,21,47,89,2,0,0,0,0,0,0,USC,807,1245,64.8,10693,8.6,9.3,99,23,159.5,0,0,0,0,0,0,0,0,0,0,0,0,0,0,0,0,0,0,0,0,0,0,0,0,0,0,0,0,0,0,0,0,0,0,0,0
1,11,DEN,Denver Broncos,Jay Cutler,Jay,Cutler,6-3,IN,Indiana,40.273502,-86.126976,USA,QB,23,2017,10,153,3048,4920,35133,227,160,386,1682,9,0,0,0,1,0,0,Vanderbilt,710,1242,57.2,8697,7,6.6,59,36,125.9,0,0,0,0,0,0,0,0,0,0,0,0,0,0,0,0,0,0,0,0,0,0,0,0,0,0,0,0,0,0,0,0,0,0,0,0
1,12,BAL,Baltimore Ravens,Haloti Ngata,Haloti,Ngata,6-4,CA,California,36.778259,-119.417931,USA,DT,22,2018,12,180,0,0,0,0,0,0,0,0,0,0,0,329,5,32.5,Oregon,0,0,0,0,0,0,0,0,0,0,0,0,0,0,0,0,0,0,0,0,0,0,0,0,0,0,0,0,0,0,0,32,29,61,9,3,0,0,0,0,0,0,0,0,0
1,13,CLE,Cleveland Browns,Kamerion Wimbley,Kamerion,Wimbley,6-3,KS,Kansas,38.5,-98,USA,DE,22,2014,8,140,0,0,0,0,0,0,0,0,0,0,0,322,2,53.5,Florida St.,0,0,0,0,0,0,0,0,0,0,0,0,0,0,0,0,0,0,0,0,0,0,0,0,0,0,0,0,0,0,0,0,0,0,0,0,0,0,0,0,0,1,12,0,0
1,14,PHI,Philadelphia Eagles,Brodrick Bunkley,Brodrick,Bunkley,6-2,FL,Florida,27.994402,-81.760254,USA,DT,22,2014,7,130,0,0,0,0,0,0,0,0,0,0,0,171,0,8.5,Florida St.,0,0,0,0,0,0,0,0,0,0,0,0,0,0,0,0,0,0,0,0,0,0,0,0,0,0,0,0,0,0,0,39,27,66,25,9,0,0,0,0,0,0,0,0,0
1,15,STL,St. Louis Rams,Tye Hill,Tye,Hill,5-9,SC,South Carolina,33.836082,-81.163727,USA,DB,24,2010,0,40,0,0,0,0,0,0,0,0,0,0,0,117,5,0,Clemson,0,0,0,0,0,0,0,0,0,0,0,0,0,0,0,0,0,0,0,0,0,0,0,0,0,0,0,0,0,0,0,35,8,43,4,0,5,33,6.6,0,0,0,0,0,0
1,16,MIA,Miami Dolphins,Jason Allen,Jason,Allen,6-2,AL,Alabama,32.31823,-86.902298,USA,DB,23,2012,1,98,0,0,0,0,0,0,0,0,0,0,0,213,15,0,Tennessee,0,0,0,0,0,0,0,0,0,0,0,0,0,0,0,0,0,0,0,0,0,0,0,0,0,0,0,0,0,0,0,14,15,29,10,7,0,0,0,0,2,0,0,0,1
1,17,MIN,Minnesota Vikings,Chad Greenway,Chad,Greenway,6-2,SD,South Dakota,44.5,-100,USA,LB,23,2016,10,156,0,0,0,0,0,0,0,0,0,0,0,762,11,18,Iowa,0,0,0,0,0,0,0,0,0,0,0,0,0,0,0,0,0,0,0,0,0,0,0,0,0,0,0,0,0,0,0,92,64,156,10,2,4,70,17.5,1,0,0,0,0,0
1,18,DAL,Dallas Cowboys,Bobby Carpenter,Bobby,Carpenter,6-3,OH,Ohio,40.367474,-82.996216,USA,LB,23,2012,0,93,0,0,0,0,0,0,0,0,0,0,0,126,1,3.5,Ohio St.,0,0,0,0,0,0,0,0,0,0,0,0,0,0,0,0,0,0,0,0,0,0,0,0,0,0,0,0,0,0,0,33,16,49,10.5,8,3,13,4.3,0,2,0,0,0,0
1,19,SDG,San Diego Chargers,Antonio Cromartie,Antonio,Cromartie,6-2,FL,Florida,27.994402,-81.760254,USA,DB,22,2016,8,162,0,0,0,0,0,1,1,0,1,-2,0,376,31,0,Florida St.,0,0,0,0,0,0,0,0,0,0,0,0,0,0,0,0,0,0,0,0,0,0,0,0,0,0,0,0,0,0,0,0,0,0,0,0,0,0,0,0,0,0,0,0,0
1,20,KAN,Kansas City Chiefs,Tamba Hali,Tamba,Hali,6-2,,,,,Liberia,DE,22,2017,10,177,0,0,0,0,0,0,0,0,0,0,0,460,2,89.5,Penn St.,0,0,0,0,0,0,0,0,0,0,0,0,0,0,0,0,0,0,0,0,0,0,0,0,0,0,0,0,0,0,0,27,38,65,17,11,1,5,5,0,4,0,0,0,1
1,21,NWE,New England Patriots,Laurence Maroney,Laurence,Maroney,5-11,MO,Missouri,38.573936,-92.60376,USA,RB,21,2010,0,49,0,0,0,0,0,618,2504,21,44,459,1,1,0,0,Minnesota,0,0,0,0,0,0,0,0,0,660,3933,6,32,21,197,9.4,1,681,4130,6.1,33,0,0,0,0,0,0,0,0,0,0,0,0,0,0,0,0,0,0,0,0,0,0,0,0
1,22,SFO,San Francisco 49ers,Manny Lawson,Manny,Lawson,6-5,NC,North Carolina,35.782169,-80.793457,USA,DE,22,2015,7,143,0,0,0,0,0,0,0,0,0,0,0,352,4,24.5,North Carolina St.,0,0,0,0,0,0,0,0,0,0,0,0,0,0,0,0,0,0,0,0,0,0,0,0,0,0,0,0,0,0,0,33,25,58,19.5,10.5,0,0,0,0,0,0,0,0,0
1,23,TAM,Tampa Bay Buccaneers,Davin Joseph,Davin,Joseph,6-2,FL,Florida,27.994402,-81.760254,USA,G,22,2014,8,116,0,0,0,0,0,0,0,0,0,0,0,1,0,0,Oklahoma,0,0,0,0,0,0,0,0,0,0,0,0,0,0,0,0,0,0,0,0,0,0,0,0,0,0,0,0,0,0,0,1,0,1,0,0,0,0,0,0,0,0,0,0,0
1,24,CIN,Cincinnati Bengals,Johnathan Joseph,Johnathan,Joseph,5-11,SC,South Carolina,33.836082,-81.163727,USA,DB,22,2019,13,200,0,0,0,0,0,0,0,0,0,0,0,642,31,0,South Carolina,0,0,0,0,0,0,0,0,0,0,0,0,0,0,0,0,0,0,0,0,0,0,0,0,0,0,0,0,0,0,0,0,0,0,0,0,0,0,0,0,0,0,0,0,0
1,25,PIT,Pittsburgh Steelers,Santonio Holmes,Santonio,Holmes,5-10,FL,Florida,27.994402,-81.760254,USA,WR,22,2014,6,112,0,1,0,0,0,16,89,0,389,6030,36,0,0,0,Ohio St.,0,0,0,0,0,0,0,0,0,3,18,6,0,140,2295,16.4,25,143,2313,16.2,25,0,0,0,0,0,0,0,0,0,0,0,0,0,0,0,0,0,0,0,0,0,0,0,0
1,26,BUF,Buffalo Bills,John McCargo,John,McCargo,6-2,VA,Virginia,37.926868,-78.024902,USA,DT,23,2011,0,44,0,0,0,0,0,0,0,0,0,0,0,35,0,2.5,North Carolina St.,0,0,0,0,0,0,0,0,0,0,0,0,0,0,0,0,0,0,0,0,0,0,0,0,0,0,0,0,0,0,0,10,14,24,9,0.5,0,0,0,0,0,0,0,0,0
1,27,CAR,Carolina Panthers,DeAngelo Williams,DeAngelo,Williams,5-8,AR,Arkansas,34.799999,-92.199997,USA,RB,23,2016,6,142,0,0,0,0,0,1730,8096,61,236,2106,9,1,0,0,Memphis,0,0,0,0,0,0,0,0,0,969,6026,6.2,55,70,723,10.3,5,1039,6749,6.5,60,0,0,0,0,0,0,0,0,0,0,0,0,0,0,0,0,0,0,0,0,0,0,0,0
1,28,JAX,Jacksonville Jaguars,Marcedes Lewis,Marcedes,Lewis,6-6,CA,California,36.778259,-119.417931,USA,TE,22,2019,12,202,0,0,0,0,0,0,0,0,393,4697,34,0,0,0,UCLA,0,0,0,0,0,0,0,0,0,0,0,0,0,0,0,0,0,0,0,0,0,0,0,0,0,0,0,0,0,0,0,0,0,0,0,0,0,0,0,0,0,0,0,0,0
1,29,NYJ,New York Jets,Nick Mangold,Nick,Mangold,6-3,OH,Ohio,40.367474,-82.996216,USA,C,22,2016,11,164,0,0,0,0,0,0,0,0,1,-3,0,1,0,0,Ohio St.,0,0,0,0,0,0,0,0,0,0,0,0,0,0,0,0,0,0,0,0,0,0,0,0,0,0,0,0,0,0,0,0,0,0,0,0,0,0,0,0,0,0,0,0,0
1,30,IND,Indianapolis Colts,Joseph Addai,Joseph,Addai,5-11,TX,Texas,31,-100,USA,RB,23,2011,4,78,1,1,22,1,0,1095,4453,39,191,1448,9,0,0,0,LSU,0,0,0,0,0,0,0,0,0,0,0,0,0,0,0,0,0,0,0,0,0,0,0,0,0,0,0,0,0,0,0,0,0,0,0,0,0,0,0,0,0,0,0,0,0
1,31,SEA,Seattle Seahawks,Kelly Jennings,Kelly,Jennings,5-11,FL,Florida,27.994402,-81.760254,USA,DB,23,2011,2,91,0,0,0,0,0,0,0,0,0,0,0,211,2,1,Miami (FL),0,0,0,0,0,0,0,0,0,0,0,0,0,0,0,0,0,0,0,0,0,0,0,0,0,0,0,0,0,0,0,24,8,32,3,1,6,37,6.2,0,0,0,0,0,0
1,32,NYG,New York Giants,Mathias Kiwanuka,Mathias,Kiwanuka,6-5,,,,,,DE,23,2014,6,120,0,0,0,0,0,0,0,0,0,0,0,301,3,38.5,Boston Col.,0,0,0,0,0,0,0,0,0,0,0,0,0,0,0,0,0,0,0,0,0,0,0,0,0,0,0,0,0,0,0,34,17,51,16.5,9.5,3,32,10.7,1,4,0,0,0,1
2,33,HOU,Houston Texans,DeMeco Ryans,DeMeco,Ryans,6-1,AL,Alabama,32.31823,-86.902298,USA,LB,22,2015,9,140,0,0,0,0,0,0,0,0,0,0,0,735,7,13.5,Alabama,0,0,0,0,0,0,0,0,0,0,0,0,0,0,0,0,0,0,0,0,0,0,0,0,0,0,0,0,0,0,0,41,35,76,11.5,5,2,7,3.5,0,0,0,0,0,0
2,34,CLE,Cleveland Browns,DQwell Jackson,DQwell,Jackson,6-0,FL,Florida,27.994402,-81.760254,USA,LB,22,2016,9,141,0,0,0,0,0,0,0,0,0,0,0,754,9,19.5,Maryland,0,0,0,0,0,0,0,0,0,0,0,0,0,0,0,0,0,0,0,0,0,0,0,0,0,0,0,0,0,0,0,56,81,137,6.5,4,6,116,19.3,1,0,0,0,0,0
2,35,WAS,Washington Redskins,Rocky McIntosh,Rocky,McIntosh,6-2,SC,South Carolina,33.836082,-81.163727,USA,LB,23,2013,6,124,0,0,0,0,0,0,0,0,0,0,0,371,4,9,Miami (FL),0,0,0,0,0,0,0,0,0,0,0,0,0,0,0,0,0,0,0,0,0,0,0,0,0,0,0,0,0,0,0,0,0,0,0,0,0,0,0,0,0,0,0,0,0
2,36,NWE,New England Patriots,Chad Jackson,Chad,Jackson,6-1,AL,Alabama,32.31823,-86.902298,USA,WR,21,2008,0,18,0,0,0,0,0,4,22,0,14,171,3,0,0,0,Florida,0,0,0,0,0,0,0,0,0,17,90,5.3,2,120,1586,13.2,16,137,1676,12.2,18,0,0,0,0,0,0,0,0,0,0,0,0,0,0,0,0,0,0,0,0,0,0,0,0
2,37,ATL,Atlanta Falcons,Jimmy Williams,Jimmy,Williams,6-2,VA,Virginia,37.926868,-78.024902,USA,DB,22,2007,0,27,0,0,0,0,0,0,0,0,0,0,0,41,1,0,Virginia Tech,0,0,0,0,0,0,0,0,0,0,0,0,0,0,0,0,0,0,0,0,0,0,0,0,0,0,0,0,0,0,0,0,0,0,0,0,0,0,0,0,0,0,0,0,0
2,38,OAK,Oakland Raiders,Thomas Howard,Thomas,Howard,6-3,TX,Texas,31,-100,USA,LB,23,2013,5,95,0,0,0,0,0,0,0,0,0,0,0,392,7,6,Texas-El Paso,0,0,0,0,0,0,0,0,0,0,0,0,0,0,0,0,0,0,0,0,0,0,0,0,0,0,0,0,0,0,0,0,0,0,0,0,0,0,0,0,0,0,0,0,0
2,39,PHI,Philadelphia Eagles,Winston Justice,Winston,Justice,6-5,CA,California,36.778259,-119.417931,USA,T,21,2013,3,63,0,0,0,0,0,0,0,0,0,0,0,0,0,0,USC,0,0,0,0,0,0,0,0,0,0,0,0,0,0,0,0,0,0,0,0,0,0,0,0,0,0,0,0,0,0,0,0,0,0,0,0,0,0,0,0,0,0,0,0,0
2,40,DET,Detroit Lions,Daniel Bullocks,Daniel,Bullocks,6-0,TN,Tennessee,35.860119,-86.660156,USA,DB,23,2008,1,31,0,0,0,0,0,0,0,0,0,0,0,119,0,1,Nebraska,0,0,0,0,0,0,0,0,0,0,0,0,0,0,0,0,0,0,0,0,0,0,0,0,0,0,0,0,0,0,0,46,37,83,4,0,8,210,26.3,0,0,0,40,2,0
2,41,ARI,Arizona Cardinals,Deuce Lutui,Deuce,Lutui,6-3,,,,,Tonga,G,23,2012,6,101,0,0,0,0,0,0,0,0,0,0,0,0,0,0,USC,0,0,0,0,0,0,0,0,0,0,0,0,0,0,0,0,0,0,0,0,0,0,0,0,0,0,0,0,0,0,0,0,0,0,0,0,0,0,0,0,0,0,0,0,0
2,42,CHI,Chicago Bears,Danieal Manning,Danieal,Manning,6-0,TX,Texas,31,-100,USA,DB,24,2014,6,128,0,0,0,0,0,0,0,0,0,0,0,435,11,4,Abilene Christian,0,0,0,0,0,0,0,0,0,0,0,0,0,0,0,0,0,0,0,0,0,0,0,0,0,0,0,0,0,0,0,0,0,0,0,0,0,0,0,0,0,0,0,0,0
2,43,NOR,New Orleans Saints,Roman Harper,Roman,Harper,6-0,AL,Alabama,32.31823,-86.902298,USA,DB,23,2016,8,156,0,0,0,0,0,0,0,0,0,0,0,641,11,18,Alabama,0,0,0,0,0,0,0,0,0,0,0,0,0,0,0,0,0,0,0,0,0,0,0,0,0,0,0,0,0,0,0,35,34,69,6.5,0.5,5,76,15.2,0,0,0,0,1,0
2,44,NYG,New York Giants,Sinorice Moss,Sinorice,Moss,5-8,FL,Florida,27.994402,-81.760254,USA,WR,22,2009,0,37,0,0,0,0,0,1,4,0,39,421,3,2,0,0,Miami (FL),0,0,0,0,0,0,0,0,0,9,59,6.6,0,68,1106,16.3,9,77,1165,15.1,9,0,0,0,0,0,0,0,0,0,0,0,0,0,0,0,0,0,0,0,0,0,0,0,0
2,45,TEN,Tennessee Titans,LenDale White,LenDale,White,6-2,CO,Colorado,39.113014,-105.358887,USA,RB,21,2009,1,58,0,0,0,0,0,628,2349,24,42,204,0,0,0,0,USC,0,0,0,0,0,0,0,0,0,541,3159,5.8,52,31,331,10.7,5,572,3490,6.1,57,0,0,0,0,0,0,0,0,0,0,0,0,0,0,0,0,0,0,0,0,0,0,0,0
2,46,STL,St. Louis Rams,Joe Klopfenstein,Joe,Klopfenstein,6-5,CO,Colorado,39.113014,-105.358887,USA,TE,22,2009,3,49,0,0,0,0,0,0,0,0,34,397,2,0,0,0,Colorado,0,0,0,0,0,0,0,0,0,0,0,0,0,86,1076,12.5,13,86,1076,12.5,13,0,0,0,0,0,0,0,0,0,0,0,0,0,0,0,0,0,0,0,0,0,0,0,0
2,47,GNB,Green Bay Packers,Daryn Colledge,Daryn,Colledge,6-4,AK,Alaska,66.160507,-153.369141,USA,T,24,2014,9,141,0,0,0,0,0,0,0,0,0,0,0,0,0,0,Boise St.,0,0,0,0,0,0,0,0,0,0,0,0,0,0,0,0,0,0,0,0,0,0,0,0,0,0,0,0,0,0,0,0,0,0,0,0,0,0,0,0,0,0,0,0,0
2,48,MIN,Minnesota Vikings,Cedric Griffin,Cedric,Griffin,6-0,MS,Mississippi,33,-90,USA,DB,23,2012,4,89,0,0,0,0,0,0,0,0,0,0,0,352,8,0,Texas,0,0,0,0,0,0,0,0,0,0,0,0,0,0,0,0,0,0,0,0,0,0,0,0,0,0,0,0,0,0,0,44,27,71,0,0,3,29,9.7,0,0,0,0,1,0
2,49,NYJ,New York Jets,Kellen Clemens,Kellen,Clemens,6-2,OR,Oregon,44,-120.5,USA,QB,23,2017,2,64,350,638,4053,16,21,85,227,3,0,0,0,1,0,0,Oregon,613,1005,61,7555,7.5,7.7,61,24,139.4,0,0,0,0,0,0,0,0,0,0,0,0,0,0,0,0,0,0,0,0,0,0,0,0,0,0,0,0,0,0,0,0,0,0,0,0
2,50,SDG,San Diego Chargers,Marcus McNeill,Marcus,McNeill,6-8,GA,Georgia,33.247875,-83.441162,USA,T,22,2011,6,82,0,0,0,0,0,0,0,0,0,0,0,0,0,0,Auburn,0,0,0,0,0,0,0,0,0,0,0,0,0,0,0,0,0,0,0,0,0,0,0,0,0,0,0,0,0,0,0,1,0,1,0,0,0,0,0,0,0,0,0,0,0
2,51,MIN,Minnesota Vikings,Ryan Cook,Ryan,Cook,6-6,NM,New Mexico,34.307144,-106.018066,USA,C,23,2012,3,90,0,0,0,0,0,0,0,0,0,0,0,0,0,0,New Mexico,0,0,0,0,0,0,0,0,0,0,0,0,0,0,0,0,0,0,0,0,0,0,0,0,0,0,0,0,0,0,0,0,0,0,0,0,0,0,0,0,0,0,0,0,0
2,52,GNB,Green Bay Packers,Greg Jennings,Greg,Jennings,5-11,MI,Michigan,44.182205,-84.506836,USA,WR,22,2015,8,143,0,0,0,0,0,1,-1,0,571,8291,64,0,0,0,West. Michigan,0,0,0,0,0,0,0,0,0,18,92,5.1,0,238,3539,14.9,39,256,3631,14.2,39,0,0,0,0,0,0,0,0,0,0,0,0,0,0,0,0,0,0,0,0,0,0,0,0
2,53,DAL,Dallas Cowboys,Anthony Fasano,Anthony,Fasano,6-4,NJ,New Jersey,39.833851,-74.871826,USA,TE,22,2017,9,180,0,0,0,0,0,0,0,0,299,3278,36,0,0,0,Notre Dame,0,0,0,0,0,0,0,0,0,742,3193,4.3,43,92,1112,12.1,8,92,1112,12.1,8,0,0,0,0,0,0,0,0,0,0,0,0,0,0,0,0,0,0,0,0,0,0,0,0
2,54,KAN,Kansas City Chiefs,Bernard Pollard,Bernard,Pollard,6-2,IN,Indiana,40.273502,-86.126976,USA,DB,21,2014,7,126,0,0,0,0,0,0,0,0,0,0,0,553,12,10.5,Purdue,0,0,0,0,0,0,0,0,0,0,0,0,0,0,0,0,0,0,0,0,0,0,0,0,0,0,0,0,0,0,0,64,28,92,1.5,0,4,19,4.8,0,0,0,0,0,0
2,55,CIN,Cincinnati Bengals,Andrew Whitworth,Andrew,Whitworth,6-7,LA,Louisiana,30.39183,-92.329102,USA,T,24,2019,14,215,0,0,0,0,0,0,0,0,1,1,1,0,0,0,LSU,0,0,0,0,0,0,0,0,0,0,0,0,0,0,0,0,0,0,0,0,0,0,0,0,0,0,0,0,0,0,0,0,0,0,0,0,0,0,0,0,0,0,0,0,0
2,56,BAL,Baltimore Ravens,Chris Chester,Chris,Chester,6-3,CA,California,36.778259,-119.417931,USA,G,23,2016,9,169,0,0,0,0,0,0,0,0,0,0,0,3,0,0,Oklahoma,0,0,0,0,0,0,0,0,0,0,0,0,0,0,0,0,0,0,0,0,0,0,0,0,0,0,0,0,0,0,0,0,0,0,0,0,0,0,0,0,0,0,0,0,0
2,57,CHI,Chicago Bears,Devin Hester,Devin,Hester,5-10,FL,Florida,27.994402,-81.760254,USA,DB,23,2016,4,156,0,0,0,0,0,36,116,1,255,3311,16,11,0,0,Miami (FL),0,0,0,0,0,0,0,0,0,0,0,0,0,0,0,0,0,0,0,0,0,0,0,0,0,0,0,0,0,0,0,0,0,0,0,0,0,0,0,0,0,0,0,0,0
2,58,CAR,Carolina Panthers,Richard Marshall,Richard,Marshall,5-11,CA,California,36.778259,-119.417931,USA,DB,21,2014,4,124,0,0,0,0,0,0,0,0,0,0,0,526,18,7,Fresno St.,0,0,0,0,0,0,0,0,0,0,0,0,0,0,0,0,0,0,0,0,0,0,0,0,0,0,0,0,0,0,0,0,0,0,0,0,0,0,0,0,0,0,0,0,0
2,59,TAM,Tampa Bay Buccaneers,Jeremy Trueblood,Jeremy,Trueblood,6-8,IN,Indiana,40.273502,-86.126976,USA,T,23,2013,6,116,0,0,0,0,0,0,0,0,0,0,0,1,0,0,Boston Col.,0,0,0,0,0,0,0,0,0,0,0,0,0,0,0,0,0,0,0,0,0,0,0,0,0,0,0,0,0,0,0,0,0,0,0,0,0,0,0,0,0,0,0,0,0
2,60,JAX,Jacksonville Jaguars,Maurice JonesDrew,Maurice,JonesDrew,5-8,CA,California,36.778259,-119.417931,USA,RB,21,2014,4,126,1,2,8,1,1,1847,8167,68,346,2944,11,0,0,0,UCLA,0,0,0,0,0,0,0,0,0,0,0,0,0,0,0,0,0,0,0,0,0,0,0,0,0,0,0,0,0,0,0,0,0,0,0,0,0,0,0,0,0,0,0,0,0
2,61,DEN,Denver Broncos,Tony Scheffler,Tony,Scheffler,6-5,MI,Michigan,44.182205,-84.506836,USA,TE,23,2013,1,107,0,0,0,0,0,3,7,0,258,3207,22,3,1,0,West. Michigan,0,0,0,0,0,0,0,0,0,0,0,0,0,117,1345,11.5,13,117,1345,11.5,13,0,0,0,0,0,0,0,0,0,0,0,0,0,0,0,0,0,0,0,0,0,0,0,0
2,62,IND,Indianapolis Colts,Tim Jennings,Tim,Jennings,5-8,SC,South Carolina,33.836082,-81.163727,USA,DB,22,2015,5,137,0,0,0,0,0,0,0,0,0,0,0,396,20,0,Georgia,0,0,0,0,0,0,0,0,0,0,0,0,0,0,0,0,0,0,0,0,0,0,0,0,0,0,0,0,0,0,0,46,10,56,7,1,10,194,19.4,2,0,0,0,0,0
2,63,SEA,Seattle Seahawks,Darryl Tapp,Darryl,Tapp,6-1,VA,Virginia,37.926868,-78.024902,USA,DE,21,2017,2,165,0,0,0,0,0,0,0,0,0,0,0,262,2,29,Virginia Tech,0,0,0,0,0,0,0,0,0,0,0,0,0,0,0,0,0,0,0,0,0,0,0,0,0,0,0,0,0,0,0,27,21,48,14.5,10,1,0,0,0,3,0,0,0,3
2,64,MIN,Minnesota Vikings,Tarvaris Jackson,Tarvaris,Jackson,6-2,AL,Alabama,32.31823,-86.902298,USA,QB,23,2015,2,59,640,1073,7263,39,35,171,636,6,0,0,0,0,0,0,Alabama St.,17,48,35.4,196,4.1,1.7,1,3,64.1,0,0,0,0,0,0,0,0,0,0,0,0,0,0,0,0,0,0,0,0,0,0,0,0,0,0,0,0,0,0,0,0,0,0,0,0
3,65,HOU,Houston Texans,Charles Spencer,Charles,Spencer,6-5,NY,New York,43,-75,USA,G,24,2006,0,2,0,0,0,0,0,0,0,0,0,0,0,0,0,0,Pittsburgh,0,0,0,0,0,0,0,0,0,0,0,0,0,0,0,0,0,0,0,0,0,0,0,0,0,0,0,0,0,0,0,0,0,0,0,0,0,0,0,0,0,0,0,0,0
3,66,HOU,Houston Texans,Eric Winston,Eric,Winston,6-6,TX,Texas,31,-100,USA,T,22,2017,7,165,0,0,0,0,0,0,0,0,0,0,0,0,0,0,Miami (FL),0,0,0,0,0,0,0,0,0,0,0,0,0,0,0,0,0,0,0,0,0,0,0,0,0,0,0,0,0,0,0,0,0,0,0,0,0,0,0,0,0,0,0,0,0
3,67,GNB,Green Bay Packers,Abdul Hodge,Abdul,Hodge,6-0,,,,,Virgin Islands,LB,23,2010,0,35,0,0,0,0,0,0,0,0,0,0,0,25,0,0,Iowa,0,0,0,0,0,0,0,0,0,0,0,0,0,0,0,0,0,0,0,0,0,0,0,0,0,0,0,0,0,0,0,96,62,158,11,1,0,0,0,0,0,1,47,0,3
3,68,STL,St. Louis Rams,Claude Wroten,Claude,Wroten,6-2,LA,Louisiana,30.39183,-92.329102,USA,DT,22,2007,0,26,0,0,0,0,0,0,0,0,0,0,0,21,0,1.5,LSU,0,0,0,0,0,0,0,0,0,0,0,0,0,0,0,0,0,0,0,0,0,0,0,0,0,0,0,0,0,0,0,17,27,44,10.5,4.5,0,0,0,0,2,0,0,0,0
3,69,OAK,Oakland Raiders,Paul McQuistan,Paul,McQuistan,6-5,OR,Oregon,44,-120.5,USA,T,23,2014,2,97,0,0,0,0,0,0,0,0,0,0,0,0,0,0,Weber St.,0,0,0,0,0,0,0,0,0,0,0,0,0,0,0,0,0,0,0,0,0,0,0,0,0,0,0,0,0,0,0,0,0,0,0,0,0,0,0,0,0,0,0,0,0
3,70,BUF,Buffalo Bills,Ashton Youboty,Ashton,Youboty,6-1,,,,,,DB,22,2011,0,49,0,0,0,0,0,0,0,0,0,0,0,73,2,2,Ohio St.,0,0,0,0,0,0,0,0,0,0,0,0,0,0,0,0,0,0,0,0,0,0,0,0,0,0,0,0,0,0,0,42,14,56,6,1,5,77,15.4,0,0,0,0,1,0
3,71,PHI,Philadelphia Eagles,Chris Gocong,Chris,Gocong,6-2,CA,California,36.778259,-119.417931,USA,DE,22,2012,5,79,0,0,0,0,0,0,0,0,0,0,0,228,0,9.5,Cal Poly-San Luis Obispo,0,0,0,0,0,0,0,0,0,0,0,0,0,0,0,0,0,0,0,0,0,0,0,0,0,0,0,0,0,0,0,0,0,0,0,0,0,0,0,0,0,0,0,0,0
3,72,ARI,Arizona Cardinals,Leonard Pope,Leonard,Pope,6-6,GA,Georgia,33.247875,-83.441162,USA,TE,22,2012,3,103,0,0,0,0,0,0,0,0,105,982,11,0,0,0,Georgia,0,0,0,0,0,0,0,0,0,0,0,0,0,65,1044,16.1,10,65,1044,16.1,10,0,0,0,0,0,0,0,0,0,0,0,0,0,0,0,0,0,0,0,0,0,0,0,0
3,73,CHI,Chicago Bears,Dusty Dvoracek,Dusty,Dvoracek,6-2,TX,Texas,31,-100,USA,DT,25,2008,1,13,0,0,0,0,0,0,0,0,0,0,0,24,0,0,Oklahoma,0,0,0,0,0,0,0,0,0,0,0,0,0,0,0,0,0,0,0,0,0,0,0,0,0,0,0,0,0,0,0,17,22,39,13.5,4,1,6,6,0,0,0,0,0,0
3,74,DET,Detroit Lions,Brian Calhoun,Brian,Calhoun,5-10,GA,Georgia,33.247875,-83.441162,USA,RB,22,2007,0,11,0,0,0,0,0,14,54,0,7,55,0,1,0,0,Wisconsin,0,0,0,0,0,0,0,0,0,619,2760,4.5,27,90,909,10.1,4,709,3669,5.2,31,0,0,0,0,0,0,0,0,0,0,0,0,0,0,0,0,0,0,0,0,0,0,0,0
3,75,GNB,Green Bay Packers,Jason Spitz,Jason,Spitz,6-4,FL,Florida,27.994402,-81.760254,USA,G,23,2012,2,75,0,0,0,0,0,0,0,0,0,0,0,0,0,0,Louisville,0,0,0,0,0,0,0,0,0,0,0,0,0,0,0,0,0,0,0,0,0,0,0,0,0,0,0,0,0,0,0,2,0,2,0,0,0,0,0,0,0,0,0,0,0
3,76,NYJ,New York Jets,Anthony Schlegel,Anthony,Schlegel,6-1,IA,Iowa,42.032974,-93.581543,USA,LB,25,2007,0,17,0,0,0,0,0,0,0,0,0,0,0,21,0,0,Ohio St.,0,0,0,0,0,0,0,0,0,0,0,0,0,0,0,0,0,0,0,0,0,0,0,0,0,0,0,0,0,0,0,0,0,0,0,0,0,0,0,0,0,0,0,0,0
3,77,STL,St. Louis Rams,Jon Alston,Jon,Alston,6-0,LA,Louisiana,30.39183,-92.329102,USA,LB,23,2009,0,39,0,0,0,0,0,1,22,0,0,0,0,51,0,0,Stanford,0,0,0,0,0,0,0,0,0,0,0,0,0,0,0,0,0,0,0,0,0,0,0,0,0,0,0,0,0,0,0,31,21,52,9.5,6.5,2,2,1,0,0,0,0,0,0
3,78,CLE,Cleveland Browns,Travis Wilson,Travis,Wilson,6-1,TX,Texas,31,-100,USA,WR,22,2006,0,4,0,0,0,0,0,0,0,0,2,32,0,0,0,0,Oklahoma,0,0,0,0,0,0,0,0,0,7,95,13.6,1,30,163,5.4,1,37,258,7,2,0,0,0,0,0,0,0,0,0,0,0,0,0,0,0,0,0,0,0,0,0,0,0,0
3,79,ATL,Atlanta Falcons,Jerious Norwood,Jerious,Norwood,6-0,MS,Mississippi,33,-90,USA,RB,23,2011,0,66,0,2,0,0,1,399,2056,7,96,912,3,6,0,0,Mississippi St.,0,0,0,0,0,0,0,0,0,573,3222,5.6,15,43,186,4.3,2,616,3408,5.5,17,0,0,0,0,0,0,0,0,0,0,0,0,0,0,0,0,0,0,0,0,0,0,0,0
3,80,JAX,Jacksonville Jaguars,Clint Ingram,Clint,Ingram,6-1,TX,Texas,31,-100,USA,LB,23,2009,4,56,0,0,0,0,0,0,0,0,0,0,0,158,2,5.5,Oklahoma,0,0,0,0,0,0,0,0,0,0,0,0,0,0,0,0,0,0,0,0,0,0,0,0,0,0,0,0,0,0,0,35,26,61,10.5,5,5,63,12.6,1,0,0,0,0,0
3,81,SDG,San Diego Chargers,Charlie Whitehurst,Charlie,Whitehurst,6-4,WI,Wisconsin,44.5,-89.5,USA,QB,24,2016,0,26,219,396,2463,11,8,56,156,2,0,10,0,0,0,0,Clemson,817,1368,59.7,9665,7.1,6.3,49,46,124.2,0,0,0,0,0,0,0,0,0,0,0,0,0,0,0,0,0,0,0,0,0,0,0,0,0,0,0,0,0,0,0,0,0,0,0,0
3,82,MIA,Miami Dolphins,Derek Hagan,Derek,Hagan,6-1,CA,California,36.778259,-119.417931,USA,WR,21,2014,0,100,0,0,0,0,0,0,0,0,148,1734,7,19,0,0,Arizona St.,0,0,0,0,0,0,0,0,0,0,0,0,0,258,3939,15.3,27,258,3939,15.3,27,0,0,0,0,0,0,0,0,0,0,0,0,0,0,0,0,0,0,0,0,0,0,0,0
3,83,PIT,Pittsburgh Steelers,Anthony Smith,Anthony,Smith,5-11,OH,Ohio,40.367474,-82.996216,USA,DB,22,2011,1,76,0,0,0,0,0,0,0,0,0,0,0,146,7,0,Syracuse,0,0,0,0,0,0,0,0,0,0,0,0,0,0,0,0,0,0,0,0,0,0,0,0,0,0,0,0,0,0,0,50,21,71,5,3,14,172,12.3,1,0,1,3,0,0
3,84,SFO,San Francisco 49ers,Brandon Williams,Brandon,Williams,5-10,MO,Missouri,38.573936,-92.60376,USA,WR,22,2007,0,23,0,0,0,0,0,0,0,0,0,0,0,2,0,0,Wisconsin,0,0,0,0,0,0,0,0,0,0,0,0,0,0,0,0,0,0,0,0,0,0,0,0,0,0,0,0,0,0,0,0,0,0,0,0,0,0,0,0,0,0,0,0,0
3,85,KAN,Kansas City Chiefs,Brodie Croyle,Brodie,Croyle,6-2,AL,Alabama,32.31823,-86.902298,USA,QB,23,2010,0,18,181,319,1669,8,9,10,15,0,0,0,0,0,0,0,Alabama,488,869,56.2,6382,7.3,7.1,41,22,128.4,0,0,0,0,0,0,0,0,0,0,0,0,0,0,0,0,0,0,0,0,0,0,0,0,0,0,0,0,0,0,0,0,0,0,0,0
3,86,NWE,New England Patriots,David Thomas,David,Thomas,6-3,TX,Texas,31,-100,USA,TE,23,2012,2,80,0,0,0,0,0,0,0,0,102,938,8,1,0,0,Texas,0,0,0,0,0,0,0,0,0,0,0,0,0,98,1367,13.9,15,98,1367,13.9,15,0,0,0,0,0,0,0,0,0,0,0,0,0,0,0,0,0,0,0,0,0,0,0,0
3,87,BAL,Baltimore Ravens,David Pittman,David,Pittman,6-0,LA,Louisiana,30.39183,-92.329102,USA,DB,22,2007,0,7,0,0,0,0,0,0,0,0,0,0,0,9,2,0,NW State (LA),0,0,0,0,0,0,0,0,0,0,0,0,0,0,0,0,0,0,0,0,0,0,0,0,0,0,0,0,0,0,0,0,0,0,0,0,0,0,0,0,0,0,0,0,0
3,88,CAR,Carolina Panthers,James Anderson,James,Anderson,6-3,NC,North Carolina,35.782169,-80.793457,USA,LB,22,2015,4,123,0,0,0,0,0,0,0,0,0,0,0,421,3,12,Virginia Tech,0,0,0,0,0,0,0,0,0,0,0,0,0,0,0,0,0,0,0,0,0,0,0,0,0,0,0,0,0,0,0,41,41,82,8.5,3,3,53,17.7,1,0,0,0,0,0
3,89,CAR,Carolina Panthers,Rashad Butler,Rashad,Butler,6-5,FL,Florida,27.994402,-81.760254,USA,T,23,2013,0,51,0,0,0,0,0,0,0,0,0,0,0,0,0,0,Miami (FL),0,0,0,0,0,0,0,0,0,0,0,0,0,0,0,0,0,0,0,0,0,0,0,0,0,0,0,0,0,0,0,0,0,0,0,0,0,0,0,0,0,0,0,0,0
3,90,TAM,Tampa Bay Buccaneers,Maurice Stovall,Maurice,Stovall,6-4,PA,Pennsylvania,41.203323,-77.194527,USA,WR,21,2012,0,81,0,0,0,0,0,2,29,0,52,668,3,37,0,0,Notre Dame,0,0,0,0,0,0,0,0,0,2,1,0.5,0,130,2195,16.9,18,132,2196,16.6,18,0,0,0,0,0,0,0,0,0,0,0,0,0,0,0,0,0,0,0,0,0,0,0,0
3,91,CIN,Cincinnati Bengals,Frostee Rucker,Frostee,Rucker,6-3,CA,California,36.778259,-119.417931,USA,DE,22,2018,5,157,0,0,0,0,0,0,0,0,0,0,0,201,1,21.5,USC,0,0,0,0,0,0,0,0,0,0,0,0,0,0,0,0,0,0,0,0,0,0,0,0,0,0,0,0,0,0,0,37,21,58,13,6.5,2,4,2,0,0,0,0,0,0
3,92,DAL,Dallas Cowboys,Jason Hatcher,Jason,Hatcher,6-7,LA,Louisiana,30.39183,-92.329102,USA,DE,24,2015,5,147,0,0,0,0,0,0,0,0,0,0,0,177,1,34.5,Grambling St.,0,0,0,0,0,0,0,0,0,0,0,0,0,0,0,0,0,0,0,0,0,0,0,0,0,0,0,0,0,0,0,51,36,87,14,5.5,0,0,0,0,3,0,0,0,0
3,93,STL,St. Louis Rams,Dominique Byrd,Dominique,Byrd,6-2,MN,Minnesota,46.39241,-94.63623,USA,TE,22,2011,0,17,0,0,0,0,0,0,0,0,6,83,1,0,0,0,USC,0,0,0,0,0,0,0,0,0,1,1,1,0,81,968,12,4,82,969,11.8,4,0,0,0,0,0,0,0,0,0,0,0,0,0,0,0,0,0,0,0,0,0,0,0,0
3,94,IND,Indianapolis Colts,Freddy Keiaho,Freddy,Keiaho,5-11,CA,California,36.778259,-119.417931,USA,LB,23,2009,2,55,0,0,0,0,0,0,0,0,0,0,0,189,1,1.5,San Diego St.,0,0,0,0,0,0,0,0,0,0,0,0,0,0,0,0,0,0,0,0,0,0,0,0,0,0,0,0,0,0,0,68,45,113,11.5,1,1,15,15,0,0,0,0,0,0
3,95,PIT,Pittsburgh Steelers,Willie Reid,Willie,Reid,5-10,GA,Georgia,33.247875,-83.441162,USA,WR,23,2007,0,7,0,0,0,0,0,0,0,0,4,54,0,0,0,0,Florida St.,0,0,0,0,0,0,0,0,0,63,309,4.9,3,91,1046,11.5,3,154,1355,8.8,6,0,0,0,0,0,0,0,0,0,0,0,0,0,0,0,0,0,0,0,0,0,0,0,0
3,96,NYG,New York Giants,Gerris Wilkinson,Gerris,Wilkinson,6-3,CA,California,36.778259,-119.417931,USA,LB,23,2010,0,58,0,0,0,0,0,0,0,0,0,0,0,54,0,0,Georgia Tech,0,0,0,0,0,0,0,0,0,0,0,0,0,0,0,0,0,0,0,0,0,0,0,0,0,0,0,0,0,0,0,44,41,85,9,4,3,46,15.3,0,0,0,0,0,0
3,97,NYJ,New York Jets,Eric Smith,Eric,Smith,6-1,OH,Ohio,40.367474,-82.996216,USA,DB,23,2012,1,96,0,0,0,0,0,0,0,0,1,27,0,225,6,3.5,Michigan St.,0,0,0,0,0,0,0,0,0,0,0,0,0,0,0,0,0,0,0,0,0,0,0,0,0,0,0,0,0,0,0,0,0,0,0,0,0,0,0,0,0,0,0,0,0
4,98,HOU,Houston Texans,Owen Daniels,Owen,Daniels,6-3,IL,Illinois,40,-89,USA,TE,23,2015,9,131,0,0,0,0,0,0,0,0,479,5661,36,2,0,0,Wisconsin,0,0,0,0,0,0,0,0,0,4,18,4.5,0,62,852,13.7,8,66,870,13.2,8,0,0,0,0,0,0,0,0,0,0,0,0,0,0,0,0,0,0,0,0,0,0,0,0
4,99,PHI,Philadelphia Eagles,Max JeanGilles,Max,JeanGilles,6-4,FL,Florida,27.994402,-81.760254,USA,G,22,2010,2,42,0,0,0,0,0,0,0,0,0,0,0,0,0,0,Georgia,0,0,0,0,0,0,0,0,0,0,0,0,0,0,0,0,0,0,0,0,0,0,0,0,0,0,0,0,0,0,0,0,0,0,0,0,0,0,0,0,0,0,0,0,0
4,100,SFO,San Francisco 49ers,Michael Robinson,Michael,Robinson,6-1,VA,Virginia,37.926868,-78.024902,USA,WR,23,2013,0,112,1,2,28,0,0,115,422,2,75,610,3,55,0,0,Penn St.,0,0,0,0,0,0,0,0,0,0,0,0,0,0,0,0,0,0,0,0,0,0,0,0,0,0,0,0,0,0,0,0,0,0,0,0,0,0,0,0,0,0,0,0,0
4,101,OAK,Oakland Raiders,Darnell Bing,Darnell,Bing,6-2,CA,California,36.778259,-119.417931,USA,DB,21,2009,0,5,0,0,0,0,0,0,0,0,0,0,0,4,0,0,USC,0,0,0,0,0,0,0,0,0,0,0,0,0,0,0,0,0,0,0,0,0,0,0,0,0,0,0,0,0,0,0,36,14,50,2.5,0,8,161,20.1,1,0,0,0,0,0
4,102,TEN,Tennessee Titans,Calvin Lowry,Calvin,Lowry,5-11,TX,Texas,31,-100,USA,DB,23,2008,0,48,0,0,0,0,0,0,0,0,0,0,0,68,2,0,Penn St.,0,0,0,0,0,0,0,0,0,0,0,0,0,0,0,0,0,0,0,0,0,0,0,0,0,0,0,0,0,0,0,48,31,79,1.5,1,9,110,12.2,0,0,0,0,0,0
4,103,NYJ,New York Jets,Brad Smith,Brad,Smith,6-2,OH,Ohio,40.367474,-82.996216,USA,QB,22,2014,1,127,4,10,51,1,2,134,972,4,104,987,5,68,0,0,Missouri,818,1454,56.3,8644,5.9,5.7,56,32,114.5,0,0,0,0,0,0,0,0,0,0,0,0,0,0,0,0,0,0,0,0,0,0,0,0,0,0,0,0,0,0,0,0,0,0,0,0
4,104,GNB,Green Bay Packers,Cory Rodgers,Cory,Rodgers,,,,,,,WR,,,0,0,0,0,0,0,0,0,0,0,0,0,0,0,0,0,TCU,0,0,0,0,0,0,0,0,0,46,115,2.5,10,150,2111,14.1,17,196,2226,11.4,27,0,0,0,0,0,0,0,0,0,0,0,0,0,0,0,0,0,0,0,0,0,0,0,0
4,105,BUF,Buffalo Bills,Ko Simpson,Ko,Simpson,6-1,SC,South Carolina,33.836082,-81.163727,USA,DB,22,2009,2,41,0,0,0,0,0,0,0,0,0,0,0,129,3,1,South Carolina,0,0,0,0,0,0,0,0,0,0,0,0,0,0,0,0,0,0,0,0,0,0,0,0,0,0,0,0,0,0,0,72,31,103,2.5,0,7,110,15.7,1,0,0,76,2,0
4,106,NWE,New England Patriots,Garrett Mills,Garrett,Mills,6-1,OK,Oklahoma,36.084621,-96.921387,USA,FB,22,2010,0,16,0,0,0,0,0,0,0,0,9,110,0,4,0,0,Tulsa,0,0,0,0,0,0,0,0,0,0,0,0,0,0,0,0,0,0,0,0,0,0,0,0,0,0,0,0,0,0,0,0,0,0,0,0,0,0,0,0,0,0,0,0,0
4,107,ARI,Arizona Cardinals,Gabe Watson,Gabe,Watson,6-3,MI,Michigan,44.182205,-84.506836,USA,DT,22,2010,1,62,0,0,0,0,0,0,0,0,0,0,0,81,0,2,Michigan,0,0,0,0,0,0,0,0,0,0,0,0,0,0,0,0,0,0,0,0,0,0,0,0,0,0,0,0,0,0,0,0,0,0,0,0,0,0,0,0,0,0,0,0,0
4,108,NOR,New Orleans Saints,Jahri Evans,Jahri,Evans,6-4,PA,Pennsylvania,41.203323,-77.194527,USA,T,23,2017,12,183,0,0,0,0,0,0,0,0,0,0,0,0,0,0,Bloomsburg,0,0,0,0,0,0,0,0,0,0,0,0,0,0,0,0,0,0,0,0,0,0,0,0,0,0,0,0,0,0,0,0,0,0,0,0,0,0,0,0,0,0,0,0,0
4,109,PHI,Philadelphia Eagles,Jason Avant,Jason,Avant,6-0,IL,Illinois,40,-89,USA,WR,23,2015,2,148,0,0,0,0,0,2,2,0,346,4118,13,22,0,0,Michigan,0,0,0,0,0,0,0,0,0,0,0,0,0,169,2247,13.3,13,169,2247,13.3,13,0,0,0,0,0,0,0,0,0,0,0,0,0,0,0,0,0,0,0,0,0,0,0,0
4,110,CLE,Cleveland Browns,Leon Williams,Leon,Williams,6-3,NY,New York,43,-75,USA,LB,23,2012,1,61,0,0,0,0,0,0,0,0,0,0,0,129,0,5,Miami (FL),0,0,0,0,0,0,0,0,0,0,0,0,0,0,0,0,0,0,0,0,0,0,0,0,0,0,0,0,0,0,0,35,19,54,3.5,0,0,0,0,0,2,0,51,0,0
4,111,BAL,Baltimore Ravens,Demetrius Williams,Demetrius,Williams,6-1,CA,California,36.778259,-119.417931,USA,WR,23,2010,0,46,0,0,0,0,0,0,0,0,63,1008,4,0,0,0,Oregon,0,0,0,0,0,0,0,0,0,12,76,6.3,1,162,2660,16.4,20,174,2736,15.7,21,0,0,0,0,0,0,0,0,0,0,0,0,0,0,0,0,0,0,0,0,0,0,0,0
4,112,CLE,Cleveland Browns,Isaac Sowells,Isaac,Sowells,6-3,CO,Colorado,39.113014,-105.358887,USA,T,24,2008,0,17,0,0,0,0,0,0,0,0,0,0,0,0,0,0,Indiana,0,0,0,0,0,0,0,0,0,0,0,0,0,0,0,0,0,0,0,0,0,0,0,0,0,0,0,0,0,0,0,0,0,0,0,0,0,0,0,0,0,0,0,0,0
4,113,STL,St. Louis Rams,Victor Adeyanju,Victor,Adeyanju,6-4,,,,,,DE,23,2009,2,53,0,0,0,0,0,0,0,0,0,0,0,109,0,3,Indiana,0,0,0,0,0,0,0,0,0,0,0,0,0,0,0,0,0,0,0,0,0,0,0,0,0,0,0,0,0,0,0,32,15,47,12,6.5,0,0,0,0,2,1,4,1,1
4,114,MIA,Miami Dolphins,Joe Toledo,Joe,Toledo,,,,,,,T,,,0,0,0,0,0,0,0,0,0,0,0,0,0,0,0,0,Washington,0,0,0,0,0,0,0,0,0,0,0,0,0,0,0,0,0,0,0,0,0,0,0,0,0,0,0,0,0,0,0,0,0,0,0,0,0,0,0,0,0,0,0,0,0
4,115,GNB,Green Bay Packers,Will Blackmon,Will,Blackmon,6-0,RI,Rhode Island,41.700001,-71.5,USA,DB,21,2016,2,96,0,0,0,0,0,0,0,0,0,0,0,159,4,3.5,Boston Col.,0,0,0,0,0,0,0,0,0,0,0,0,0,0,0,0,0,0,0,0,0,0,0,0,0,0,0,0,0,0,0,0,0,0,0,0,0,0,0,0,0,0,0,0,0
4,116,TEN,Tennessee Titans,Stephen Tulloch,Stephen,Tulloch,5-11,FL,Florida,27.994402,-81.760254,USA,LB,21,2016,7,159,0,0,0,0,0,0,0,0,0,0,0,683,5,14.5,North Carolina St.,0,0,0,0,0,0,0,0,0,0,0,0,0,0,0,0,0,0,0,0,0,0,0,0,0,0,0,0,0,0,0,59,75,134,21,6,1,50,50,1,0,0,0,0,0
4,117,NYJ,New York Jets,Leon Washington,Leon,Washington,5-8,FL,Florida,27.994402,-81.760254,USA,RB,24,2014,1,126,1,1,36,0,0,487,2271,16,168,1286,4,5,0,0,Florida St.,0,0,0,0,0,0,0,0,0,369,2041,5.5,12,55,481,8.7,1,424,2522,5.9,13,0,0,0,0,0,0,0,0,0,0,35,19,54,3.5,0,0,0,0,0,2,0,51,0,0
4,118,NWE,New England Patriots,Stephen Gostkowski,Stephen,Gostkowski,6-2,LA,Louisiana,30.39183,-92.329102,USA,K,22,2019,0,204,0,0,0,0,0,0,0,0,0,0,0,18,0,0,Memphis,0,0,0,0,0,0,0,0,0,0,0,0,0,0,0,0,0,0,0,0,0,0,0,0,159,165,96.4,70,92,76.1,369,0,0,0,0,0,0,0,0,0,0,0,0,0,0
4,119,DEN,Denver Broncos,Brandon Marshall,Brandon,Marshall,6-4,PA,Pennsylvania,41.203323,-77.194527,USA,WR,22,2018,10,179,0,1,0,0,0,20,118,0,970,12351,83,6,0,0,Central Florida,0,0,0,0,0,0,0,0,0,3,5,1.7,0,112,1674,14.9,13,115,1679,14.6,13,0,0,0,0,0,0,0,0,0,0,0,0,0,0,0,0,0,0,0,0,0,0,0,0
4,120,CHI,Chicago Bears,Jamar Williams,Jamar,Williams,6-1,TX,Texas,31,-100,USA,LB,22,2010,0,54,0,0,0,0,0,0,0,0,0,0,0,70,0,1,Arizona St.,0,0,0,0,0,0,0,0,0,0,0,0,0,0,0,0,0,0,0,0,0,0,0,0,0,0,0,0,0,0,0,48,22,70,4,2,8,141,17.6,1,0,0,0,0,0
4,121,CAR,Carolina Panthers,Nate Salley,Nate,Salley,6-3,FL,Florida,27.994402,-81.760254,USA,DB,22,2008,0,24,0,0,0,0,0,0,0,0,0,0,0,9,0,0,Ohio St.,0,0,0,0,0,0,0,0,0,0,0,0,0,0,0,0,0,0,0,0,0,0,0,0,0,0,0,0,0,0,0,27,16,43,1.5,0,3,0,0,0,0,0,0,0,0
4,122,TAM,Tampa Bay Buccaneers,Alan Zemaitis,Alan,Zemaitis,,,,,,,DB,,,0,0,0,0,0,0,0,0,0,0,0,0,0,0,0,0,Penn St.,0,0,0,0,0,0,0,0,0,0,0,0,0,0,0,0,0,0,0,0,0,0,0,0,0,0,0,0,0,0,0,37,14,51,2.5,0,12,269,22.4,1,0,0,51,2,0
4,123,CIN,Cincinnati Bengals,Domata Peko,Domata,Peko,6-3,CA,California,36.778259,-119.417931,USA,DT,21,2019,12,208,0,0,0,0,0,0,0,0,0,0,0,315,0,20,Michigan St.,0,0,0,0,0,0,0,0,0,0,0,0,0,0,0,0,0,0,0,0,0,0,0,0,0,0,0,0,0,0,0,33,20,53,2.5,1,0,0,0,0,1,1,74,1,1
4,124,NYG,New York Giants,Barry Cofield,Barry,Cofield,6-3,OH,Ohio,40.367474,-82.996216,USA,DT,22,2015,8,138,0,0,0,0,0,0,0,0,0,0,0,208,0,19.5,Northwestern,0,0,0,0,0,0,0,0,0,0,0,0,0,0,0,0,0,0,0,0,0,0,0,0,0,0,0,0,0,0,0,23,39,62,6.5,2,1,16,16,0,0,0,0,0,0
4,125,DAL,Dallas Cowboys,Skyler Green,Skyler,Green,5-9,LA,Louisiana,30.39183,-92.329102,USA,WR,21,2008,0,11,0,0,0,0,0,1,1,0,3,33,0,0,0,0,LSU,0,0,0,0,0,0,0,0,0,31,258,8.3,1,111,1129,10.2,9,142,1387,9.8,10,0,0,0,0,0,0,0,0,0,0,0,0,0,0,0,0,0,0,0,0,0,0,0,0
4,126,DEN,Denver Broncos,Elvis Dumervil,Elvis,Dumervil,6-0,FL,Florida,27.994402,-81.760254,USA,DE,22,2017,6,162,0,0,0,0,0,0,0,0,0,0,0,263,1,105.5,Louisville,0,0,0,0,0,0,0,0,0,0,0,0,0,0,0,0,0,0,0,0,0,0,0,0,0,0,0,0,0,0,0,36,27,63,22,20,1,9,9,0,0,0,0,0,0
4,127,MIN,Minnesota Vikings,Ray Edwards,Ray,Edwards,6-5,OH,Ohio,40.367474,-82.996216,USA,DE,21,2012,5,97,0,0,0,0,0,0,0,0,0,0,0,168,0,33,Purdue,0,0,0,0,0,0,0,0,0,0,0,0,0,0,0,0,0,0,0,0,0,0,0,0,0,0,0,0,0,0,0,22,6,28,11,5.5,1,0,0,0,0,1,4,0,0
4,128,SEA,Seattle Seahawks,Rob Sims,Rob,Sims,6-3,OH,Ohio,40.367474,-82.996216,USA,G,22,2014,7,125,0,0,0,0,0,0,0,0,0,0,0,0,0,0,Ohio St.,0,0,0,0,0,0,0,0,0,0,0,0,0,0,0,0,0,0,0,0,0,0,0,0,0,0,0,0,0,0,0,0,0,0,0,0,0,0,0,0,0,0,0,0,0
4,129,NYG,New York Giants,Guy Whimper,Guy,Whimper,6-5,HI,Hawaii,19.741755,-155.844437,USA,DE,23,2013,1,78,0,0,0,0,0,0,0,0,3,28,1,0,0,0,East Carolina,0,0,0,0,0,0,0,0,0,0,0,0,0,0,0,0,0,0,0,0,0,0,0,0,0,0,0,0,0,0,0,0,0,0,0,0,0,0,0,0,0,0,0,0,0
4,130,DEN,Denver Broncos,Domenik Hixon,Domenik,Hixon,6-2,,,,,Germany,WR,21,2013,0,76,0,0,0,0,0,3,18,0,109,1460,7,27,0,0,Akron,0,0,0,0,0,0,0,0,0,1,24,24,0,141,2092,14.8,14,142,2116,14.9,14,0,0,0,0,0,0,0,0,0,0,0,0,0,0,0,0,0,0,0,0,0,0,0,0
4,131,PIT,Pittsburgh Steelers,Willie Colon,Willie,Colon,6-3,NY,New York,43,-75,USA,G,23,2015,6,100,0,0,0,0,0,0,0,0,0,0,0,0,0,0,Hofstra,0,0,0,0,0,0,0,0,0,0,0,0,0,0,0,0,0,0,0,0,0,0,0,0,0,0,0,0,0,0,0,0,0,0,0,0,0,0,0,0,0,0,0,0,0
4,132,BAL,Baltimore Ravens,PJ Daniels,PJ,Daniels,5-10,,,,,,RB,23,2007,0,1,0,0,0,0,0,0,0,0,0,0,0,0,0,0,Georgia Tech,0,0,0,0,0,0,0,0,0,707,3346,4.7,23,56,369,6.6,3,763,3715,4.9,26,0,0,0,0,0,0,0,0,0,0,0,0,0,0,0,0,0,0,0,0,0,0,0,0
4,133,PIT,Pittsburgh Steelers,Orien Harris,Orien,Harris,6-3,DE,Delaware,39,-75.5,USA,DT,23,2009,0,20,0,0,0,0,0,0,0,0,0,0,0,9,0,0,Miami (FL),0,0,0,0,0,0,0,0,0,0,0,0,0,0,0,0,0,0,0,0,0,0,0,0,0,0,0,0,0,0,0,18,22,40,11,3.5,0,0,0,0,0,0,0,0,0
5,134,BUF,Buffalo Bills,Kyle Williams,Kyle,Williams,6-1,LA,Louisiana,30.39183,-92.329102,USA,DT,23,2018,11,183,0,0,0,0,0,1,1,1,1,9,0,387,1,48.5,LSU,0,0,0,0,0,0,0,0,0,0,0,0,0,0,0,0,0,0,0,0,0,0,0,0,0,0,0,0,0,0,0,0,0,0,0,0,0,0,0,0,0,0,0,0,0
5,135,NOR,New Orleans Saints,Rob Ninkovich,Rob,Ninkovich,6-3,IL,Illinois,40,-89,USA,DE,22,2016,7,131,0,0,0,0,0,0,0,0,0,0,0,273,5,46,Purdue,0,0,0,0,0,0,0,0,0,0,0,0,0,0,0,0,0,0,0,0,0,0,0,0,0,0,0,0,0,0,0,35,13,48,17,8,2,37,18.5,0,0,0,0,0,0
5,136,NWE,New England Patriots,Ryan OCallaghan,Ryan,OCallaghan,6-6,CA,California,36.778259,-119.417931,USA,T,23,2010,1,51,0,0,0,0,0,0,0,0,0,0,0,0,0,0,California,0,0,0,0,0,0,0,0,0,0,0,0,0,0,0,0,0,0,0,0,0,0,0,0,0,0,0,0,0,0,0,0,0,0,0,0,0,0,0,0,0,0,0,0,0
5,137,TEN,Tennessee Titans,Terna Nande,Terna,Nande,6-0,MI,Michigan,44.182205,-84.506836,USA,LB,23,2006,0,1,0,0,0,0,0,0,0,0,0,0,0,1,0,0,Miami (OH),0,0,0,0,0,0,0,0,0,0,0,0,0,0,0,0,0,0,0,0,0,0,0,0,0,0,0,0,0,0,0,20,24,44,4,0,4,114,28.5,1,1,1,3,0,0
5,138,DAL,Dallas Cowboys,Pat Watkins,Pat,Watkins,6-4,FL,Florida,27.994402,-81.760254,USA,DB,23,2010,1,53,0,0,0,0,0,0,0,0,0,0,0,104,4,0,Florida St.,0,0,0,0,0,0,0,0,0,0,0,0,0,0,0,0,0,0,0,0,0,0,0,0,0,0,0,0,0,0,0,44,33,77,2.5,0,10,89,8.9,0,0,0,25,1,0
5,139,ATL,Atlanta Falcons,Quinn Ojinnaka,Quinn,Ojinnaka,6-5,MD,Maryland,39.045753,-76.641273,USA,G,22,2012,0,62,0,0,0,0,0,0,0,0,0,0,0,0,0,0,Syracuse,0,0,0,0,0,0,0,0,0,0,0,0,0,0,0,0,0,0,0,0,0,0,0,0,0,0,0,0,0,0,0,0,0,0,0,0,0,0,0,0,0,0,0,0,0
5,140,SFO,San Francisco 49ers,Parys Haralson,Parys,Haralson,6-1,MS,Mississippi,33,-90,USA,DE,22,2014,7,118,0,0,0,0,0,0,0,0,0,0,0,190,0,28,Tennessee,0,0,0,0,0,0,0,0,0,0,0,0,0,0,0,0,0,0,0,0,0,0,0,0,0,0,0,0,0,0,0,33,12,45,17,8.5,0,0,0,0,1,2,35,1,3
5,141,DET,Detroit Lions,Jonathan Scott,Jonathan,Scott,6-6,TX,Texas,31,-100,USA,T,23,2014,2,71,0,0,0,0,0,0,0,0,0,0,0,0,0,0,Texas,0,0,0,0,0,0,0,0,0,0,0,0,0,0,0,0,0,0,0,0,0,0,0,0,0,0,0,0,0,0,0,0,0,0,0,0,0,0,0,0,0,0,0,0,0
5,142,ARI,Arizona Cardinals,Brandon Johnson,Brandon,Johnson,6-5,AL,Alabama,32.31823,-86.902298,USA,LB,23,2012,1,87,0,0,0,0,0,0,0,0,0,0,0,133,3,3.5,Louisville,0,0,0,0,0,0,0,0,0,0,0,0,0,0,0,0,0,0,0,0,0,0,0,0,0,0,0,0,0,0,0,45,28,73,8.5,2,4,74,18.5,1,0,1,20,1,0
5,143,BUF,Buffalo Bills,Brad Butler,Brad,Butler,6-7,VA,Virginia,37.926868,-78.024902,USA,T,22,2009,2,33,0,0,0,0,0,0,0,0,0,0,0,0,0,0,Virginia,0,0,0,0,0,0,0,0,0,0,0,0,0,0,0,0,0,0,0,0,0,0,0,0,0,0,0,0,0,0,0,1,0,1,0,0,0,0,0,0,0,0,0,0,0
5,144,STL,St. Louis Rams,Marques Hagans,Marques,Hagans,5-10,VA,Virginia,37.926868,-78.024902,USA,WR,23,2008,0,10,1,1,5,0,0,3,-2,0,9,108,0,0,0,0,Virginia,0,0,0,0,0,0,0,0,0,0,0,0,0,0,0,0,0,0,0,0,0,0,0,0,0,0,0,0,0,0,0,0,0,0,0,0,0,0,0,0,0,0,0,0,0
5,145,CLE,Cleveland Browns,Jerome Harrison,Jerome,Harrison,5-9,MI,Michigan,44.182205,-84.506836,USA,RB,23,2012,0,63,0,0,0,0,0,356,1681,7,70,490,3,4,0,0,Washington St.,0,0,0,0,0,0,0,0,0,482,2800,5.8,25,34,275,8.1,1,516,3075,6,26,0,0,0,0,0,0,0,0,0,0,0,0,0,0,0,0,0,0,0,0,0,0,0,0
5,146,BAL,Baltimore Ravens,Dawan Landry,Dawan,Landry,6-1,LA,Louisiana,30.39183,-92.329102,USA,DB,23,2014,8,130,0,0,0,0,0,0,0,0,0,0,0,562,13,8,Georgia Tech,0,0,0,0,0,0,0,0,0,0,0,0,0,0,0,0,0,0,0,0,0,0,0,0,0,0,0,0,0,0,0,53,23,76,3.5,0,7,38,5.4,0,0,0,0,0,0
5,147,PHI,Philadelphia Eagles,Jeremy Bloom,Jeremy,Bloom,,,,,,,DB,,,0,0,0,0,0,0,0,0,0,0,0,0,0,0,0,0,Colorado,0,0,0,0,0,0,0,0,0,0,0,0,0,0,0,0,0,0,0,0,0,0,0,0,0,0,0,0,0,0,0,0,0,0,0,0,0,0,0,0,0,0,0,0,0
5,148,GNB,Green Bay Packers,Ingle Martin,Ingle,Martin,6-2,TN,Tennessee,35.860119,-86.660156,USA,QB,24,2006,0,1,0,0,0,0,0,2,-5,0,0,0,0,0,0,0,Furman,54,87,62.1,750,8.6,8.3,3,2,141.3,0,0,0,0,0,0,0,0,0,0,0,0,0,0,0,0,0,0,0,0,0,0,0,0,0,0,0,0,0,0,0,0,0,0,0,0
5,149,MIN,Minnesota Vikings,Greg Blue,Greg,Blue,6-2,GA,Georgia,33.247875,-83.441162,USA,DB,24,2007,0,20,0,0,0,0,0,0,0,0,0,0,0,18,0,0,Georgia,0,0,0,0,0,0,0,0,0,0,0,0,0,0,0,0,0,0,0,0,0,0,0,0,0,0,0,0,0,0,0,70,26,96,3.5,0,2,0,0,0,0,0,0,0,0
5,150,NYJ,New York Jets,Jason Pociask,Jason,Pociask,6-3,IN,Indiana,40.273502,-86.126976,USA,TE,23,2007,0,4,0,0,0,0,0,0,0,0,1,7,0,0,0,0,Wisconsin,0,0,0,0,0,0,0,0,0,0,0,0,0,0,0,0,0,0,0,0,0,0,0,0,0,0,0,0,0,0,0,0,0,0,0,0,0,0,0,0,0,0,0,0,0
5,151,SDG,San Diego Chargers,Tim Dobbins,Tim,Dobbins,6-1,TN,Tennessee,35.860119,-86.660156,USA,LB,23,2014,1,110,0,0,0,0,0,0,0,0,0,0,0,198,3,2,Iowa St.,0,0,0,0,0,0,0,0,0,0,0,0,0,0,0,0,0,0,0,0,0,0,0,0,0,0,0,0,0,0,0,48,55,103,7.5,1,3,65,21.7,0,0,0,0,0,0
5,152,CLE,Cleveland Browns,DeMario Minter,DeMario,Minter,,,,,,,DB,,,0,0,0,0,0,0,0,0,0,0,0,0,0,0,0,0,Georgia,0,0,0,0,0,0,0,0,0,0,0,0,0,0,0,0,0,0,0,0,0,0,0,0,0,0,0,0,0,0,0,38,10,48,3,0,2,0,0,0,0,0,0,0,0
5,153,WAS,Washington Redskins,Anthony Montgomery,Anthony,Montgomery,6-5,OH,Ohio,40.367474,-82.996216,USA,NT,22,2009,1,42,0,0,0,0,0,0,0,0,0,0,0,55,0,3,Minnesota,0,0,0,0,0,0,0,0,0,0,0,0,0,0,0,0,0,0,0,0,0,0,0,0,0,0,0,0,0,0,0,25,20,45,6,3,2,3,1.5,0,0,0,0,0,0
5,154,KAN,Kansas City Chiefs,Marcus Maxey,Marcus,Maxey,6-3,TX,Texas,31,-100,USA,DB,23,2006,0,2,0,0,0,0,0,0,0,0,0,0,0,0,0,0,Miami (FL),0,0,0,0,0,0,0,0,0,0,0,0,0,0,0,0,0,0,0,0,0,0,0,0,0,0,0,0,0,0,0,15,12,27,3,0,2,32,16,0,0,0,0,0,0
5,155,CAR,Carolina Panthers,Jeff King,Jeff,King,6-5,VA,Virginia,37.926868,-78.024902,USA,TE,23,2012,6,108,0,0,0,0,0,0,0,0,156,1323,12,7,0,0,Virginia Tech,0,0,0,0,0,0,0,0,0,0,0,0,0,58,724,12.5,12,58,724,12.5,12,0,0,0,0,0,0,0,0,0,0,0,0,0,0,0,0,0,0,0,0,0,0,0,0
5,156,TAM,Tampa Bay Buccaneers,Julian Jenkins,Julian,Jenkins,6-4,MA,Massachusetts,42.407211,-71.382439,USA,DE,22,2006,0,12,0,0,0,0,0,0,0,0,0,0,0,6,0,0,Stanford,0,0,0,0,0,0,0,0,0,0,0,0,0,0,0,0,0,0,0,0,0,0,0,0,0,0,0,0,0,0,0,24,26,50,9,7,0,0,0,0,0,1,3,1,1
5,157,CIN,Cincinnati Bengals,AJ Nicholson,AJ,Nicholson,6-0,NC,North Carolina,35.782169,-80.793457,USA,LB,23,2006,0,2,0,0,0,0,0,0,0,0,0,0,0,0,0,0,Florida St.,0,0,0,0,0,0,0,0,0,0,0,0,0,0,0,0,0,0,0,0,0,0,0,0,0,0,0,0,0,0,0,53,47,100,9.5,1,3,59,19.7,1,0,1,23,1,0
5,158,NYG,New York Giants,Charlie Peprah,Charlie,Peprah,5-11,TX,Texas,31,-100,USA,DB,23,2012,2,74,0,0,0,0,0,0,0,0,0,0,0,142,8,0,Alabama,0,0,0,0,0,0,0,0,0,0,0,0,0,0,0,0,0,0,0,0,0,0,0,0,0,0,0,0,0,0,0,28,15,43,3,0,9,214,23.8,1,5,1,0,0,2
5,159,CHI,Chicago Bears,Mark Anderson,Mark,Anderson,6-4,OK,Oklahoma,36.084621,-96.921387,USA,DE,23,2012,1,98,0,0,0,0,0,0,0,0,0,0,0,132,0,36.5,Alabama,0,0,0,0,0,0,0,0,0,0,0,0,0,0,0,0,0,0,0,0,0,0,0,0,0,0,0,0,0,0,0,23,17,40,14.5,6.5,0,0,0,0,0,1,0,0,1
5,160,JAX,Jacksonville Jaguars,Brent Hawkins,Brent,Hawkins,6-2,IL,Illinois,40,-89,USA,DE,23,2007,0,20,0,0,0,0,0,0,0,0,0,0,0,19,0,5.5,Illinois St.,0,0,0,0,0,0,0,0,0,0,0,0,0,0,0,0,0,0,0,0,0,0,0,0,0,0,0,0,0,0,0,0,0,0,0,0,0,0,0,0,0,0,0,0,0
5,161,DEN,Denver Broncos,Chris Kuper,Chris,Kuper,6-4,AK,Alaska,66.160507,-153.369141,USA,G,23,2013,5,90,0,0,0,0,0,0,0,0,0,7,0,0,0,0,North Dakota,0,0,0,0,0,0,0,0,0,0,0,0,0,0,0,0,0,0,0,0,0,0,0,0,0,0,0,0,0,0,0,0,0,0,0,0,0,0,0,0,0,0,0,0,0
5,162,IND,Indianapolis Colts,Michael Toudouze,Michael,Toudouze,6-6,TX,Texas,31,-100,USA,G,23,2011,0,9,0,0,0,0,0,0,0,0,0,0,0,0,0,0,TCU,0,0,0,0,0,0,0,0,0,0,0,0,0,0,0,0,0,0,0,0,0,0,0,0,0,0,0,0,0,0,0,0,0,0,0,0,0,0,0,0,0,0,0,0,0
5,163,SEA,Seattle Seahawks,David Kirtman,David,Kirtman,6-0,WA,Washington,47.751076,-120.740135,USA,RB,23,2008,0,7,0,0,0,0,0,0,0,0,0,0,0,0,0,0,USC,0,0,0,0,0,0,0,0,0,46,470,10.2,2,21,94,4.5,1,67,564,8.4,3,0,0,0,0,0,0,0,0,0,0,0,0,0,0,0,0,0,0,0,0,0,0,0,0
5,164,PIT,Pittsburgh Steelers,Omar Jacobs,Omar,Jacobs,,,,,,,QB,,,0,0,0,0,0,0,0,0,0,0,0,0,0,0,0,0,Bowling Green,523,811,64.5,6938,8.6,9.7,71,11,162.5,0,0,0,0,0,0,0,0,0,0,0,0,0,0,0,0,0,0,0,0,0,0,0,0,0,0,0,0,0,0,0,0,0,0,0,0
5,165,GNB,Green Bay Packers,Tony Moll,Tony,Moll,6-4,CA,California,36.778259,-119.417931,USA,T,23,2011,0,63,0,0,0,0,0,0,0,0,0,0,0,0,0,0,Nevada,0,0,0,0,0,0,0,0,0,0,0,0,0,0,0,0,0,0,0,0,0,0,0,0,0,0,0,0,0,0,0,0,0,0,0,0,0,0,0,0,0,0,0,0,0
5,166,BAL,Baltimore Ravens,Quinn Sypniewski,Quinn,Sypniewski,6-6,IA,Iowa,42.032974,-93.581543,USA,TE,24,2007,1,31,0,0,0,0,0,0,0,0,36,261,1,2,0,0,Colorado,0,0,0,0,0,0,0,0,0,0,0,0,0,44,563,12.8,5,44,563,12.8,5,0,0,0,0,0,0,0,0,0,0,0,0,0,0,0,0,0,0,0,0,0,0,0,0
5,167,PIT,Pittsburgh Steelers,Charles Davis,Charles,Davis,,,,,,,TE,,,0,0,0,0,0,0,0,0,0,0,0,0,0,0,0,0,Purdue,0,0,0,0,0,0,0,0,0,0,0,0,0,78,865,11.1,4,78,865,11.1,4,0,0,0,0,0,0,0,0,0,0,0,0,0,0,0,0,0,0,0,0,0,0,0,0
5,168,PHI,Philadelphia Eagles,Omar Gaither,Omar,Gaither,6-2,NC,North Carolina,35.782169,-80.793457,USA,LB,22,2013,2,92,0,0,0,0,0,0,0,0,0,0,0,264,2,6,Tennessee,0,0,0,0,0,0,0,0,0,0,0,0,0,0,0,0,0,0,0,0,0,0,0,0,0,0,0,0,0,0,0,50,28,78,8,4,2,20,10,0,1,0,0,0,4
5,169,TEN,Tennessee Titans,Jesse Mahelona,Jesse,Mahelona,6-1,HI,Hawaii,19.741755,-155.844437,USA,DT,23,2007,0,11,0,0,0,0,0,0,0,0,0,0,0,16,0,1,Tennessee,0,0,0,0,0,0,0,0,0,0,0,0,0,0,0,0,0,0,0,0,0,0,0,0,0,0,0,0,0,0,0,18,17,35,7,2,0,0,0,0,0,0,0,0,1
6,170,HOU,Houston Texans,Wali Lundy,Wali,Lundy,5-10,NJ,New Jersey,39.833851,-74.871826,USA,RB,22,2006,1,14,0,0,0,0,0,124,476,4,33,204,0,0,0,0,Virginia,0,0,0,0,0,0,0,0,0,742,3193,4.3,43,114,895,7.9,9,856,4088,4.8,52,0,0,0,0,0,0,0,0,0,0,0,0,0,0,0,0,0,0,0,0,0,0,0,0
6,171,NOR,New Orleans Saints,Mike Hass,Mike,Hass,6-1,OR,Oregon,44,-120.5,USA,WR,23,2009,0,2,0,0,0,0,0,0,0,0,0,0,0,0,0,0,Oregon St.,0,0,0,0,0,0,0,0,0,2,18,9,0,220,3924,17.8,20,222,3942,17.8,20,0,0,0,0,0,0,0,0,0,0,0,0,0,0,0,0,0,0,0,0,0,0,0,0
6,172,TEN,Tennessee Titans,Jonathan Orr,Jonathan,Orr,,,,,,,WR,,,0,0,0,0,0,0,0,0,0,0,0,0,0,0,0,0,Wisconsin,0,0,0,0,0,0,0,0,0,0,0,0,0,107,1824,17,19,107,1824,17,19,0,0,0,0,0,0,0,0,0,0,0,0,0,0,0,0,0,0,0,0,0,0,0,0
6,173,WAS,Washington Redskins,Reed Doughty,Reed,Doughty,6-1,CO,Colorado,39.113014,-105.358887,USA,DB,23,2013,2,107,0,0,0,0,0,0,0,0,0,0,0,336,3,3.5,Northern Colorado,0,0,0,0,0,0,0,0,0,0,0,0,0,0,0,0,0,0,0,0,0,0,0,0,0,0,0,0,0,0,0,0,0,0,0,0,0,0,0,0,0,0,0,0,0
6,174,NOR,New Orleans Saints,Josh Lay,Josh,Lay,,,,,,,DB,,,0,0,0,0,0,0,0,0,0,0,0,0,0,0,0,0,Pittsburgh,0,0,0,0,0,0,0,0,0,0,0,0,0,0,0,0,0,0,0,0,0,0,0,0,0,0,0,0,0,0,0,0,0,0,0,0,3,117,39,1,0,0,0,0,0
6,175,SFO,San Francisco 49ers,Delanie Walker,Delanie,Walker,6-1,CA,California,36.778259,-119.417931,USA,WR,22,2019,7,183,0,0,0,0,0,16,89,1,504,5888,36,37,0,0,Central Missouri St.,0,0,0,0,0,0,0,0,0,0,0,0,0,0,0,0,0,0,0,0,0,0,0,0,0,0,0,0,0,0,0,0,0,0,0,0,0,0,0,0,0,0,0,0,0
6,176,OAK,Oakland Raiders,Kevin Boothe,Kevin,Boothe,6-5,FL,Florida,27.994402,-81.760254,USA,T,23,2014,3,114,0,0,0,0,0,0,0,0,0,0,0,0,0,0,Cornell,0,0,0,0,0,0,0,0,0,0,0,0,0,0,0,0,0,0,0,0,0,0,0,0,0,0,0,0,0,0,0,0,0,0,0,0,0,0,0,0,0,0,0,0,0
6,177,ARI,Arizona Cardinals,Jonathan Lewis,Jonathan,Lewis,6-1,VA,Virginia,37.926868,-78.024902,USA,DT,22,2006,0,4,0,0,0,0,0,0,0,0,0,0,0,3,0,0,Virginia Tech,0,0,0,0,0,0,0,0,0,0,0,0,0,0,0,0,0,0,0,0,0,0,0,0,0,0,0,0,0,0,0,0,0,0,0,0,1,3,3,0,0,0,0,1,0
6,178,BUF,Buffalo Bills,Keith Ellison,Keith,Ellison,6-1,CA,California,36.778259,-119.417931,USA,LB,22,2010,3,58,0,0,0,0,0,1,6,0,0,0,0,164,2,2,Oregon St.,0,0,0,0,0,0,0,0,0,0,0,0,0,0,0,0,0,0,0,0,0,0,0,0,0,0,0,0,0,0,0,60,39,99,14.5,5,2,47,23.5,0,0,0,0,0,0
6,179,DET,Detroit Lions,Dee McCann,Dee,McCann,,,,,,,DB,,,0,0,0,0,0,0,0,0,0,0,0,0,0,0,0,0,West Virginia,0,0,0,0,0,0,0,0,0,0,0,0,0,0,0,0,0,0,0,0,0,0,0,0,0,0,0,0,0,0,0,35,23,58,2.5,0,7,9,1.3,0,0,0,0,0,0
6,180,CLE,Cleveland Browns,Lawrence Vickers,Lawrence,Vickers,6-0,TX,Texas,31,-100,USA,FB,23,2012,3,106,0,0,0,0,0,37,98,0,58,404,3,13,0,0,Colorado,0,0,0,0,0,0,0,0,0,0,0,0,0,0,0,0,0,0,0,0,0,0,0,0,0,0,0,0,0,0,0,0,0,0,0,0,0,0,0,0,0,0,0,0,0
6,181,CLE,Cleveland Browns,Babatunde Oshinowo,Babatunde,Oshinowo,6-1,IL,Illinois,40,-89,USA,DT,23,2007,0,2,0,0,0,0,0,0,0,0,0,0,0,2,0,0,Stanford,0,0,0,0,0,0,0,0,0,0,0,0,0,0,0,0,0,0,0,0,0,0,0,0,0,0,0,0,0,0,0,0,0,0,0,0,0,0,0,0,0,0,0,0,0
6,182,DAL,Dallas Cowboys,Montavious Stanley,Montavious,Stanley,6-2,GA,Georgia,33.247875,-83.441162,USA,DT,24,2009,0,33,0,0,0,0,0,0,0,0,0,0,0,46,0,1.5,Louisville,0,0,0,0,0,0,0,0,0,0,0,0,0,0,0,0,0,0,0,0,0,0,0,0,0,0,0,0,0,0,0,29,20,49,10,6,0,0,0,0,1,1,56,1,1
6,183,GNB,Green Bay Packers,Johnny Jolly,Johnny,Jolly,6-3,TX,Texas,31,-100,USA,DT,23,2013,3,61,0,0,0,0,0,0,0,0,0,0,0,89,1,3,Texas A&M,0,0,0,0,0,0,0,0,0,0,0,0,0,0,0,0,0,0,0,0,0,0,0,0,0,0,0,0,0,0,0,19,44,63,11.5,5,0,0,0,0,1,0,0,0,0
6,184,ATL,Atlanta Falcons,Adam Jennings,Adam,Jennings,5-9,CA,California,36.778259,-119.417931,USA,WR,23,2009,0,46,0,0,0,0,0,1,-4,0,6,62,1,11,0,0,Fresno St.,0,0,0,0,0,0,0,0,0,0,0,0,0,0,0,0,0,0,0,0,0,0,0,0,0,0,0,0,0,0,0,0,0,0,0,0,0,0,0,0,0,0,0,0,0
6,185,GNB,Minnesota Vikings,Tyrone Culver,Tyrone,Culver,6-0,CA,California,36.778259,-119.417931,USA,DB,23,2012,0,80,0,0,0,0,0,0,0,0,0,0,0,109,2,1,Fresno St.,0,0,0,0,0,0,0,0,0,0,0,0,0,0,0,0,0,0,0,0,0,0,0,0,0,0,0,0,0,0,0,23,21,44,2,2,5,72,14.4,0,0,0,30,1,0
6,186,KAN,Kansas City Chiefs,Tre Stallings,Tre,Stallings,6-3,MS,Mississippi,33,-90,USA,G,23,2007,0,1,0,0,0,0,0,0,0,0,0,0,0,0,0,0,Mississippi St.,0,0,0,0,0,0,0,0,0,0,0,0,0,0,0,0,0,0,0,0,0,0,0,0,0,0,0,0,0,0,0,0,0,0,0,0,0,0,0,0,0,0,0,0,0
6,187,SDG,San Diego Chargers,Jeromey Clary,Jeromey,Clary,6-6,NE,Nebraska,41.5,-100,USA,T,22,2014,6,103,0,0,0,0,0,0,0,0,1,-8,0,0,0,0,Kansas St.,0,0,0,0,0,0,0,0,0,0,0,0,0,0,0,0,0,0,0,0,0,0,0,0,0,0,0,0,0,0,0,1,1,2,0,0,0,0,0,0,0,0,0,0,0
6,188,SDG,San Diego Chargers,Kurt Smith,Kurt,Smith,,,,,,,K,,,0,0,0,0,0,0,0,0,0,0,0,0,0,0,0,0,Virginia,0,0,0,0,0,0,0,0,0,0,0,0,0,0,0,0,0,0,0,0,0,0,0,0,22,24,91.7,7,12,58.3,43,0,0,0,0,0,0,0,0,0,0,0,0,0,0
6,189,NYJ,New York Jets,Drew Coleman,Drew,Coleman,5-8,TX,Texas,31,-100,USA,DB,23,2011,0,83,0,0,0,0,0,0,0,0,0,0,0,132,4,8,TCU,0,0,0,0,0,0,0,0,0,0,0,0,0,0,0,0,0,0,0,0,0,0,0,0,0,0,0,0,0,0,0,31,5,36,0,0,5,90,18,0,0,0,0,0,0
6,190,KAN,Kansas City Chiefs,Jeff Webb,Jeff,Webb,6-2,MI,Michigan,44.182205,-84.506836,USA,WR,24,2008,0,31,0,0,0,0,0,1,5,0,36,382,1,6,0,0,San Diego St.,0,0,0,0,0,0,0,0,0,6,42,7,0,40,672,16.8,1,46,714,15.5,1,0,0,0,0,0,0,0,0,0,0,0,0,0,0,0,0,0,0,0,0,0,0,0,0
6,191,NWE,New England Patriots,Jeremy Mincey,Jeremy,Mincey,6-4,GA,Georgia,33.247875,-83.441162,USA,DE,22,2015,4,96,0,0,0,0,0,0,0,0,0,0,0,152,1,26,Florida,0,0,0,0,0,0,0,0,0,0,0,0,0,0,0,0,0,0,0,0,0,0,0,0,0,0,0,0,0,0,0,31,31,62,10.5,3.5,1,23,23,0,2,0,0,0,1
6,192,SFO,San Francisco 49ers,Marcus Hudson,Marcus,Hudson,6-2,FL,Florida,27.994402,-81.760254,USA,DB,23,2010,0,62,0,0,0,0,0,0,0,0,0,0,0,71,0,0,North Carolina St.,0,0,0,0,0,0,0,0,0,0,0,0,0,0,0,0,0,0,0,0,0,0,0,0,0,0,0,0,0,0,0,34,22,56,1,0,8,194,24.3,3,0,0,0,0,0
6,193,CIN,Cincinnati Bengals,Reggie McNeal,Reggie,McNeal,6-2,TX,Texas,31,-100,USA,QB,22,2006,0,7,0,0,0,0,0,1,8,0,0,0,0,0,0,0,Texas A&M,478,875,54.6,6992,8,7.8,44,23,133.1,0,0,0,0,0,0,0,0,0,0,0,0,0,0,0,0,0,0,0,0,0,0,0,0,0,0,0,0,0,0,0,0,0,0,0,0
6,194,TAM,Tampa Bay Buccaneers,Bruce Gradkowski,Bruce,Gradkowski,6-1,PA,Pennsylvania,41.203323,-77.194527,USA,QB,23,2014,1,37,375,709,4057,21,24,88,329,0,0,0,0,0,0,0,Toledo,766,1123,68.2,9225,8.2,8.6,85,27,157.4,0,0,0,0,0,0,0,0,0,0,0,0,0,0,0,0,0,0,0,0,0,0,0,0,0,0,0,0,0,0,0,0,0,0,0,0
6,195,CHI,Chicago Bears,JD Runnels,JD,Runnels,5-11,OK,Oklahoma,36.084621,-96.921387,USA,RB,22,2006,0,2,0,0,0,0,0,0,0,0,0,0,0,0,0,0,Oklahoma,0,0,0,0,0,0,0,0,0,51,450,8.8,5,2,5,2.5,0,53,455,8.6,5,0,0,0,0,0,0,0,0,0,0,0,0,0,0,0,0,0,0,0,0,0,0,0,0
6,196,WAS,Washington Redskins,Kedric Golston,Kedric,Golston,6-4,GA,Georgia,33.247875,-83.441162,USA,DT,23,2016,4,142,0,0,0,0,0,0,0,0,0,0,0,137,0,7,Georgia,0,0,0,0,0,0,0,0,0,0,0,0,0,0,0,0,0,0,0,0,0,0,0,0,0,0,0,0,0,0,0,13,7,20,2,1,0,0,0,0,0,0,0,0,0
6,197,SFO,San Francisco 49ers,Melvin Oliver,Melvin,Oliver,6-3,AL,Alabama,32.31823,-86.902298,USA,DE,23,2006,1,16,0,0,0,0,0,0,0,0,0,0,0,35,0,1,LSU,0,0,0,0,0,0,0,0,0,0,0,0,0,0,0,0,0,0,0,0,0,0,0,0,0,0,0,0,0,0,0,33,31,64,11,9,1,27,27,0,1,0,0,0,0
6,198,DEN,Denver Broncos,Greg Eslinger,Greg,Eslinger,,,,,,,C,,,0,0,0,0,0,0,0,0,0,0,0,0,0,0,0,0,Minnesota,0,0,0,0,0,0,0,0,0,0,0,0,0,0,0,0,0,0,0,0,0,0,0,0,0,0,0,0,0,0,0,0,0,0,0,0,0,0,0,0,0,0,0,0,0
6,199,IND,Indianapolis Colts,Charlie Johnson,Charlie,Johnson,6-3,OK,Oklahoma,36.084621,-96.921387,USA,T,22,2014,8,134,0,0,0,0,0,0,0,0,1,-2,0,0,0,0,Oklahoma St.,0,0,0,0,0,0,0,0,0,0,0,0,0,0,0,0,0,0,0,0,0,0,0,0,0,0,0,0,0,0,0,0,0,0,0,0,0,0,0,0,0,0,0,0,0
6,200,CHI,Chicago Bears,Tyler Reed,Tyler,Reed,,,,,,,G,,,0,0,0,0,0,0,0,0,0,0,0,0,0,0,0,0,Penn St.,0,0,0,0,0,0,0,0,0,0,0,0,0,0,0,0,0,0,0,0,0,0,0,0,0,0,0,0,0,0,0,0,0,0,0,0,0,0,0,0,0,0,0,0,0
6,201,PIT,Pittsburgh Steelers,Marvin Philip,Marvin,Philip,,,,,,,C,,,0,0,0,0,0,0,0,0,0,0,0,0,0,0,0,0,California,0,0,0,0,0,0,0,0,0,0,0,0,0,0,0,0,0,0,0,0,0,0,0,0,0,0,0,0,0,0,0,0,0,0,0,0,0,0,0,0,0,0,0,0,0
6,202,TAM,Tampa Bay Buccaneers,TJ Williams,TJ,Williams,,,,,,,TE,,,0,0,0,0,0,0,0,0,0,0,0,0,0,0,0,0,North Carolina St.,0,0,0,0,0,0,0,0,0,1,7,7,0,26,297,11.4,3,27,304,11.3,3,0,0,0,0,0,0,0,0,0,0,0,0,0,0,0,0,0,0,0,0,0,0,0,0
6,203,BAL,Baltimore Ravens,Sam Koch,Sam,Koch,5-11,NE,Nebraska,41.5,-100,USA,P,24,2019,0,224,6,6,67,0,0,7,10,1,0,0,0,15,0,0,Nebraska,0,0,0,0,0,0,0,0,0,0,0,0,0,0,0,0,0,0,0,0,0,134,5902,44,0,0,0,0,0,0,0,0,0,0,0,0,0,0,0,0,0,0,0,0,0
6,204,PHI,Philadelphia Eagles,LaJuan Ramsey,LaJuan,Ramsey,6-2,CA,California,36.778259,-119.417931,USA,DT,22,2009,0,34,0,0,0,0,0,0,0,0,0,0,0,23,1,1,USC,0,0,0,0,0,0,0,0,0,0,0,0,0,0,0,0,0,0,0,0,0,0,0,0,0,0,0,0,0,0,0,19,21,40,5.5,1,0,0,0,0,0,1,19,0,0
6,205,NWE,New England Patriots,Dan Stevenson,Dan,Stevenson,,,,,,,G,,,0,0,0,0,0,0,0,0,0,0,0,0,0,0,0,0,Notre Dame,0,0,0,0,0,0,0,0,0,0,0,0,0,0,0,0,0,0,0,0,0,0,0,0,0,0,0,0,0,0,0,0,0,0,0,0,0,0,0,0,0,0,0,0,0
6,206,NWE,New England Patriots,Le Kevin Smith,Le,Kevin,6-1,GA,Georgia,33.247875,-83.441162,USA,DT,24,2010,0,45,0,0,0,0,0,0,0,0,0,0,0,19,0,1,Nebraska,0,0,0,0,0,0,0,0,0,0,0,0,0,0,0,0,0,0,0,0,0,0,0,0,0,0,0,0,0,0,0,0,0,0,0,0,0,0,0,0,0,0,0,0,0
6,207,IND,Indianapolis Colts,Antoine Bethea,Antoine,Bethea,5-11,VA,Virginia,37.926868,-78.024902,USA,DB,22,2019,12,209,0,0,0,0,0,0,0,0,0,0,0,995,25,9.5,Howard,0,0,0,0,0,0,0,0,0,0,0,0,0,0,0,0,0,0,0,0,0,0,0,0,0,0,0,0,0,0,0,0,0,0,0,0,0,0,0,0,0,0,0,0,0
6,208,BAL,Baltimore Ravens,Derrick Martin,Derrick,Martin,5-10,CO,Colorado,39.113014,-105.358887,USA,DB,21,2013,0,73,0,0,0,0,0,0,0,0,0,0,0,77,3,1,Wyoming,0,0,0,0,0,0,0,0,0,0,0,0,0,0,0,0,0,0,0,0,0,0,0,0,0,0,0,0,0,0,0,32,15,47,3.5,1,6,49,8.2,1,0,0,0,0,0
7,209,CIN,Cincinnati Bengals,Ethan Kilmer,Ethan,Kilmer,6-0,PA,Pennsylvania,41.203323,-77.194527,USA,WR,23,2006,0,16,0,0,0,0,0,0,0,0,0,0,0,14,1,0,Penn St.,0,0,0,0,0,0,0,0,0,0,0,0,0,0,0,0,0,0,0,0,0,0,0,0,0,0,0,0,0,0,0,0,0,0,0,0,0,0,0,0,0,0,0,0,0
7,210,NOR,New Orleans Saints,Zach Strief,Zach,Strief,6-7,OH,Ohio,40.367474,-82.996216,USA,G,22,2017,6,158,0,0,0,0,0,0,0,0,0,0,0,1,0,0,Northwestern,0,0,0,0,0,0,0,0,0,0,0,0,0,0,0,0,0,0,0,0,0,0,0,0,0,0,0,0,0,0,0,0,1,1,0,0,0,0,0,0,0,0,0,0,0
7,211,DAL,Dallas Cowboys,Pat McQuistan,Pat,McQuistan,6-6,OR,Oregon,44,-120.5,USA,T,23,2012,0,72,0,0,0,0,0,0,0,0,0,0,0,1,0,0,Weber St.,0,0,0,0,0,0,0,0,0,0,0,0,0,0,0,0,0,0,0,0,0,0,0,0,0,0,0,0,0,0,0,0,0,0,0,0,0,0,0,0,0,0,0,0,0
7,212,MIA,Miami Dolphins,Fred Evans,Fred,Evans,6-5,IL,Illinois,40,-89,USA,DT,22,2013,0,95,0,0,0,0,0,0,0,0,0,0,0,66,0,3,Texas St.,0,0,0,0,0,0,0,0,0,0,0,0,0,0,0,0,0,0,0,0,0,0,0,0,0,0,0,0,0,0,0,0,0,0,0,0,0,0,0,0,0,0,0,0,0
7,213,JAX,Jacksonville Jaguars,James Wyche,James,Wyche,6-5,NY,New York,43,-75,USA,DE,24,2009,0,3,0,0,0,0,0,0,0,0,0,0,0,1,0,0,Syracuse,0,0,0,0,0,0,0,0,0,0,0,0,0,0,0,0,0,0,0,0,0,0,0,0,0,0,0,0,0,0,0,40,18,58,6.5,4.5,0,0,0,0,3,0,0,0,4
7,214,OAK,Oakland Raiders,Chris Morris,Chris,Morris,6-3,MI,Michigan,44.182205,-84.506836,USA,C,23,2010,0,51,0,0,0,0,0,0,0,0,0,0,0,0,0,0,Michigan St.,0,0,0,0,0,0,0,0,0,0,0,0,0,0,0,0,0,0,0,0,0,0,0,0,0,0,0,0,0,0,0,0,0,0,0,0,0,0,0,0,0,0,0,0,0
7,215,TEN,Tennessee Titans,Cortland Finnegan,Cortland,Finnegan,5-9,NC,North Carolina,35.782169,-80.793457,USA,DB,22,2015,6,133,0,0,0,0,0,0,0,0,0,0,0,541,18,7,Samford,0,0,0,0,0,0,0,0,0,0,0,0,0,0,0,0,0,0,0,0,0,0,0,0,0,0,0,0,0,0,0,0,0,0,0,0,0,0,0,0,0,0,0,0,0
7,216,BUF,Buffalo Bills,Terrance Pennington,Terrance,Pennington,6-7,CA,California,36.778259,-119.417931,USA,T,22,2007,1,16,0,0,0,0,0,0,0,0,0,0,0,0,0,0,New Mexico,0,0,0,0,0,0,0,0,0,0,0,0,0,0,0,0,0,0,0,0,0,0,0,0,0,0,0,0,0,0,0,0,0,0,0,0,0,0,0,0,0,0,0,0,0
7,217,DET,Detroit Lions,Fred Matua,Fred,Matua,,,,,,,G,,,0,0,0,0,0,0,0,0,0,0,0,0,0,0,0,0,USC,0,0,0,0,0,0,0,0,0,0,0,0,0,0,0,0,0,0,0,0,0,0,0,0,0,0,0,0,0,0,0,0,0,0,0,0,0,0,0,0,0,0,0,0,0
7,218,ARI,Atlanta Falcons,Todd Watkins,Todd,Watkins,6-3,CA,California,36.778259,-119.417931,USA,WR,23,2009,0,21,0,0,0,0,0,0,0,0,8,90,0,5,0,0,BYU,0,0,0,0,0,0,0,0,0,1,-4,-4,0,101,1720,17,15,102,1716,16.8,15,0,0,0,0,0,0,0,0,0,0,0,0,0,0,0,0,0,0,0,0,0,0,0,0
7,219,BAL,Baltimore Ravens,Ryan LaCasse,Ryan,LaCasse,6-2,MA,Massachusetts,42.407211,-71.382439,USA,LB,23,2006,0,12,0,0,0,0,0,0,0,0,0,0,0,6,0,0,Syracuse,0,0,0,0,0,0,0,0,0,0,0,0,0,0,0,0,0,0,0,0,0,0,0,0,0,0,0,0,0,0,0,30,22,52,12,9,1,0,0,0,0,0,0,0,0
7,220,NYJ,New York Jets,Titus Adams,Titus,Adams,6-3,NE,Nebraska,41.5,-100,USA,DT,23,2009,0,2,0,0,0,0,0,0,0,0,0,0,0,1,0,0,Nebraska,0,0,0,0,0,0,0,0,0,0,0,0,0,0,0,0,0,0,0,0,0,0,0,0,0,0,0,0,0,0,0,26,23,49,4,1.5,2,0,0,1,2,0,0,0,0
7,221,STL,St. Louis Rams,Tim McGarigle,Tim,McGarigle,6-0,IL,Illinois,40,-89,USA,LB,22,2007,0,12,0,0,0,0,0,0,0,0,0,0,0,6,0,0,Northwestern,0,0,0,0,0,0,0,0,0,0,0,0,0,0,0,0,0,0,0,0,0,0,0,0,0,0,0,0,0,0,0,81,75,156,7,2,3,17,5.7,0,0,0,0,0,0
7,222,CLE,Cleveland Browns,Justin Hamilton,Justin,Hamilton,6-3,VA,Virginia,37.926868,-78.024902,USA,RB,23,2008,0,12,0,0,0,0,0,0,0,0,0,0,0,13,0,0,Virginia Tech,0,0,0,0,0,0,0,0,0,75,336,4.5,3,34,369,10.9,1,109,705,6.5,4,0,0,0,0,0,0,0,0,0,0,0,0,0,0,0,0,0,0,0,0,0,0,0,0
7,223,ATL,Atlanta Falcons,DJ Shockley,DJ,Shockley,,,,,,,QB,,,0,0,0,0,0,0,0,0,0,0,0,0,0,0,0,0,Georgia,240,443,54.2,3555,8,8.6,34,9,142.8,0,0,0,0,0,0,0,0,0,0,0,0,0,0,0,0,0,0,0,0,0,0,0,0,0,0,0,0,0,0,0,0,0,0,0,0
7,224,DAL,Dallas Cowboys,EJ Whitley,EJ,Whitley,,,,,,,C,,,0,0,0,0,0,0,0,0,0,0,0,0,0,0,0,0,Texas Tech,0,0,0,0,0,0,0,0,0,0,0,0,0,0,0,0,0,0,0,0,0,0,0,0,0,0,0,0,0,0,0,1,0,1,0,0,0,0,0,0,0,0,0,0,0
7,225,SDG,San Diego Chargers,Chase Page,Chase,Page,6-4,SC,South Carolina,33.836082,-81.163727,USA,DT,23,2007,0,6,0,0,0,0,0,0,0,0,0,0,0,4,0,0,North Carolina,0,0,0,0,0,0,0,0,0,0,0,0,0,0,0,0,0,0,0,0,0,0,0,0,0,0,0,0,0,0,0,11,16,27,6.5,4,0,0,0,0,2,0,0,0,0
7,226,MIA,Miami Dolphins,Rodrique Wright,Rodrique,Wright,6-5,TX,Texas,31,-100,USA,DT,22,2008,0,14,0,0,0,0,0,0,0,0,0,0,0,28,0,1.5,Texas,0,0,0,0,0,0,0,0,0,0,0,0,0,0,0,0,0,0,0,0,0,0,0,0,0,0,0,0,0,0,0,11,16,27,7.5,3,0,0,0,0,5,1,67,1,1
7,227,SDG,San Diego Chargers,Jimmy Martin,Jimmy,Martin,,,,,,,C,,,0,0,0,0,0,0,0,0,0,0,0,0,0,0,0,0,Virginia Tech,0,0,0,0,0,0,0,0,0,0,0,0,0,0,0,0,0,0,0,0,0,0,0,0,0,0,0,0,0,0,0,3,6,9,0,0,0,0,0,0,0,0,0,0,0
7,228,KAN,Kansas City Chiefs,Jarrad Page,Jarrad,Page,6-2,CA,California,36.778259,-119.417931,USA,DB,21,2011,2,74,0,0,0,0,0,1,4,0,0,0,0,190,12,1,UCLA,0,0,0,0,0,0,0,0,0,0,0,0,0,0,0,0,0,0,0,0,0,0,0,0,0,0,0,0,0,0,0,53,19,72,7,1,9,116,12.9,2,0,0,0,0,0
7,229,NWE,New England Patriots,Willie Andrews,Willie,Andrews,5-9,TX,Texas,31,-100,USA,DB,22,2007,0,30,0,0,0,0,0,0,0,0,0,0,0,12,0,0,Baylor,0,0,0,0,0,0,0,0,0,0,0,0,0,0,0,0,0,0,0,0,0,0,0,0,0,0,0,0,0,0,0,0,0,0,0,0,0,0,0,0,0,0,0,0,0
7,230,WAS,Washington Redskins,Kili Lefotu,Kili,Lefotu,,,,,,,G,,,0,0,0,0,0,0,0,0,0,0,0,0,0,0,0,0,Arizona,0,0,0,0,0,0,0,0,0,0,0,0,0,0,0,0,0,0,0,0,0,0,0,0,0,0,0,0,0,0,0,1,0,1,0,0,0,0,0,0,0,0,0,0,0
7,231,CIN,Cincinnati Bengals,Bennie Brazell,Bennie,Brazell,,,,,,,WR,,,0,0,0,0,0,0,0,0,0,0,0,0,0,0,0,0,LSU,0,0,0,0,0,0,0,0,0,0,0,0,0,17,340,20,3,17,340,20,3,0,0,0,0,0,0,0,0,0,0,0,0,0,0,0,0,0,0,0,0,0,0,0,0
7,232,NYG,New York Giants,Gerrick McPhearson,Gerrick,McPhearson,,,,,,,DB,,,0,0,0,0,0,0,0,0,0,0,0,0,0,0,0,0,Maryland,0,0,0,0,0,0,0,0,0,0,0,0,0,0,0,0,0,0,0,0,0,0,0,0,0,0,0,0,0,0,0,26,11,37,0.5,0,1,14,14,0,6,1,5,0,1
7,233,MIA,Miami Dolphins,Devin Aromashodu,Devin,Aromashodu,6-2,FL,Florida,27.994402,-81.760254,USA,WR,22,2012,0,61,0,0,0,0,0,0,0,0,78,1193,5,3,0,0,Auburn,0,0,0,0,0,0,0,0,0,1,6,6,0,71,1333,18.8,9,72,1339,18.6,9,0,0,0,0,0,0,0,0,0,0,0,0,0,0,0,0,0,0,0,0,0,0,0,0
7,234,CAR,Carolina Panthers,Will Montgomery,Will,Montgomery,6-3,ME,Maine,45.367584,-68.972168,USA,G,23,2015,4,110,0,0,0,0,0,0,0,0,0,0,0,0,0,0,Virginia Tech,0,0,0,0,0,0,0,0,0,0,0,0,0,0,0,0,0,0,0,0,0,0,0,0,0,0,0,0,0,0,0,0,0,0,0,0,0,0,0,0,0,0,0,0,0
7,235,TAM,Tampa Bay Buccaneers,Justin Phinisee,Justin,Phinisee,,,,,,,DB,,,0,0,0,0,0,0,0,0,0,0,0,0,0,0,0,0,Oregon,0,0,0,0,0,0,0,0,0,0,0,0,0,0,0,0,0,0,0,0,0,0,0,0,0,0,0,0,0,0,0,53,13,66,1,0,7,216,30.9,0,0,0,0,0,0
7,236,JAX,Jacksonville Jaguars,Dee Webb,Dee,Webb,5-11,FL,Florida,27.994402,-81.760254,USA,DB,21,2006,0,11,0,0,0,0,0,0,0,0,0,0,0,15,1,0,Florida,0,0,0,0,0,0,0,0,0,0,0,0,0,0,0,0,0,0,0,0,0,0,0,0,0,0,0,0,0,0,0,0,0,0,0,0,0,0,0,0,0,0,0,0,0
7,237,CAR,Carolina Panthers,Stanley McClover,Stanley,McClover,6-3,IL,Illinois,40,-89,USA,DE,21,2008,0,14,0,0,0,0,0,0,0,0,0,0,0,7,0,1,Auburn,0,0,0,0,0,0,0,0,0,0,0,0,0,0,0,0,0,0,0,0,0,0,0,0,0,0,0,0,0,0,0,21,10,31,13.5,8,0,0,0,0,3,0,0,0,1
7,238,IND,Indianapolis Colts,TJ Rushing,TJ,Rushing,5-10,OK,Oklahoma,36.084621,-96.921387,USA,DB,23,2009,0,35,0,0,0,0,0,0,0,0,0,0,0,26,0,0,Stanford,0,0,0,0,0,0,0,0,0,0,0,0,0,0,0,0,0,0,0,0,0,0,0,0,0,0,0,0,0,0,0,37,11,48,0.5,0,4,96,24,0,0,0,0,0,0
7,239,SEA,Seattle Seahawks,Ryan Plackemeier,Ryan,Plackemeier,6-3,CO,Colorado,39.113014,-105.358887,USA,P,22,2008,0,43,0,0,0,0,0,1,0,0,0,0,0,1,0,0,Wake Forest,0,0,0,0,0,0,0,0,0,0,0,0,0,0,0,0,0,0,0,0,0,220,9957,45.3,31,31,100,9,18,50,58,0,0,0,0,0,0,0,0,0,0,0,0,0,0
7,240,PIT,Pittsburgh Steelers,Cedric Humes,Cedric,Humes,,,,,,,RB,,,0,0,0,0,0,0,0,0,0,0,0,0,0,0,0,0,Virginia Tech,0,0,0,0,0,0,0,0,0,373,1805,4.8,21,29,224,7.7,0,402,2029,5,21,0,0,0,0,0,0,0,0,0,0,0,0,0,0,0,0,0,0,0,0,0,0,0,0
7,241,TAM,Tampa Bay Buccaneers,Charles Bennett,Charles,Bennett,6-3,SC,South Carolina,33.836082,-81.163727,USA,LB,23,2006,0,3,0,0,0,0,0,0,0,0,0,0,0,1,0,0,Clemson,0,0,0,0,0,0,0,0,0,0,0,0,0,0,0,0,0,0,0,0,0,0,0,0,0,0,0,0,0,0,0,29,14,43,14.5,4,3,48,16,0,0,0,0,0,0
7,242,STL,St. Louis Rams,Mark Setterstrom,Mark,Setterstrom,6-3,MN,Minnesota,46.39241,-94.63623,USA,G,22,2009,0,19,0,0,0,0,0,0,0,0,0,0,0,0,0,0,Minnesota,0,0,0,0,0,0,0,0,0,0,0,0,0,0,0,0,0,0,0,0,0,0,0,0,0,0,0,0,0,0,0,0,0,0,0,0,0,0,0,0,0,0,0,0,0
7,243,STL,St. Louis Rams,Tony Palmer,Tony,Palmer,6-1,OK,Oklahoma,36.084621,-96.921387,USA,G,23,2007,0,8,0,0,0,0,0,0,0,0,0,0,0,0,0,0,Missouri,0,0,0,0,0,0,0,0,0,0,0,0,0,0,0,0,0,0,0,0,0,0,0,0,0,0,0,0,0,0,0,0,0,0,0,0,0,0,0,0,0,0,0,0,0
7,244,TAM,Tampa Bay Buccaneers,Tim Massaquoi,Tim,Massaquoi,6-2,NY,New York,43,-75,USA,TE,24,2007,0,11,0,0,0,0,0,0,0,0,0,0,0,0,0,0,Michigan,0,0,0,0,0,0,0,0,0,0,0,0,0,46,489,10.6,2,46,489,10.6,2,0,0,0,0,0,0,0,0,0,0,0,0,0,0,0,0,0,0,0,0,0,0,0,0
7,245,TEN,Tennessee Titans,Spencer Toone,Spencer,Toone,6-1,ID,Idaho,44.068203,-114.742043,USA,LB,26,2006,0,3,0,0,0,0,0,0,0,0,0,0,0,0,0,0,Utah,0,0,0,0,0,0,0,0,0,0,0,0,0,0,0,0,0,0,0,0,0,0,0,0,0,0,0,0,0,0,0,52,61,113,5,2.5,0,0,0,0,0,0,0,0,0
7,246,TEN,Tennessee Titans,Quinton Ganther,Quinton,Ganther,5-10,CA,California,36.778259,-119.417931,USA,RB,22,2010,0,36,0,0,0,0,0,80,280,3,17,151,0,5,0,0,Utah,0,0,0,0,0,0,0,0,0,314,1774,5.6,9,32,363,11.3,2,346,2137,6.2,11,0,0,0,0,0,0,0,0,0,0,0,0,0,0,0,0,0,0,0,0,0,0,0,0
7,247,DET,Detroit Lions,Anthony Cannon,Anthony,Cannon,5-10,FL,Florida,27.994402,-81.760254,USA,LB,21,2008,0,32,0,0,0,0,0,0,0,0,0,0,0,17,0,0,Tulane,0,0,0,0,0,0,0,0,0,0,0,0,0,0,0,0,0,0,0,0,0,0,0,0,0,0,0,0,0,0,0,65,49,114,12.5,2.5,1,16,16,0,0,0,0,0,0
7,248,BUF,Buffalo Bills,Aaron Merz,Aaron,Merz,6-3,CA,California,36.778259,-119.417931,USA,G,23,2006,0,7,0,0,0,0,0,0,0,0,0,0,0,0,0,0,California,0,0,0,0,0,0,0,0,0,0,0,0,0,0,0,0,0,0,0,0,0,0,0,0,0,0,0,0,0,0,0,1,0,1,0,0,0,0,0,0,0,0,0,0,0
7,249,SEA,Seattle Seahawks,Ben Obomanu,Ben,Obomanu,6-0,AL,Alabama,32.31823,-86.902298,USA,WR,22,2013,0,69,0,0,0,0,0,4,41,0,88,1217,7,23,0,0,Auburn,0,0,0,0,0,0,0,0,0,8,154,19.3,2,97,1313,13.5,18,105,1467,14,20,0,0,0,0,0,0,0,0,0,0,0,0,0,0,0,0,0,0,0,0,0,0,0,0
7,250,WAS,Washington Redskins,Kevin Simon,Kevin,Simon,,,,,,,LB,,,0,0,0,0,0,0,0,0,0,0,0,0,0,0,0,0,Tennessee,0,0,0,0,0,0,0,0,0,0,0,0,0,0,0,0,0,0,0,0,0,0,0,0,0,0,0,0,0,0,0,40,48,88,4,1,1,0,0,0,5,0,0,1,1
7,251,HOU,Houston Texans,David Anderson,David,Anderson,5-10,CA,California,36.778259,-119.417931,USA,WR,23,2011,1,67,0,0,0,0,0,0,0,0,88,965,4,8,0,0,Colorado St.,0,0,0,0,0,0,0,0,0,4,18,4.5,0,223,3634,16.3,20,227,3652,16.1,20,0,0,0,0,0,0,0,0,0,0,0,0,0,0,0,0,0,0,0,0,0,0,0,0
7,252,NOR,New Orleans Saints,Marques Colston,Marques,Colston,6-4,PA,Pennsylvania,41.203323,-77.194527,USA,WR,23,2015,7,146,0,0,0,0,0,2,7,0,711,9759,72,1,0,0,Hofstra,0,0,0,0,0,0,0,0,0,0,0,0,0,0,0,0,0,0,0,0,0,0,0,0,0,0,0,0,0,0,0,0,0,0,0,0,0,0,0,0,0,0,0,0,0
7,253,GNB,Green Bay Packers,Dave Tollefson,Dave,Tollefson,6-4,CA,California,36.778259,-119.417931,USA,DE,24,2012,0,78,0,0,0,0,0,0,0,0,0,0,0,62,0,10.5,NW Missouri St.,0,0,0,0,0,0,0,0,0,0,0,0,0,0,0,0,0,0,0,0,0,0,0,0,0,0,0,0,0,0,0,0,0,0,0,0,0,0,0,0,0,0,0,0,0
7,254,SFO,San Francisco 49ers,Vickiel Vaughn,Vickiel,Vaughn,,,,,,,DB,,,0,0,0,0,0,0,0,0,0,0,0,0,0,0,0,0,Arkansas,0,0,0,0,0,0,0,0,0,0,0,0,0,0,0,0,0,0,0,0,0,0,0,0,0,0,0,0,0,0,0,46,20,66,2,0,7,105,15,1,0,0,0,0,0
7,255,OAK,Oakland Raiders,Kevin McMahan,Kevin,McMahan,,,,,,,WR,,,0,0,0,0,0,0,0,0,0,0,0,0,0,0,0,0,Maine,0,0,0,0,0,0,0,0,0,0,0,0,0,0,0,0,0,0,0,0,0,0,0,0,0,0,0,0,0,0,0,0,0,0,0,0,0,0,0,0,0,0,0,0,0